Time [s], Analyzer Name, Decoded Protocol Result,,,
0.075206958,SPI,MOSI, 0x2AD4,  MISO, 0xFFFF
0.075225458,SPI,MOSI, 0x0000,  MISO, 0xFFFF
0.075265125,SPI,MOSI, 0x2AD4,  MISO, 0xFFFF
0.075283625,SPI,MOSI, 0x0000,  MISO, 0x3FFF
0.075323542,SPI,MOSI, 0x2AD4,  MISO, 0xFFFF
0.075342083,SPI,MOSI, 0x0000,  MISO, 0x0FFF
0.075381667,SPI,MOSI, 0x2AD4,  MISO, 0xFFFF
0.075400208,SPI,MOSI, 0x0000,  MISO, 0x0FFF
0.075439792,SPI,MOSI, 0x2AD4,  MISO, 0xFFFF
0.075458333,SPI,MOSI, 0x0000,  MISO, 0x0FFF
0.075498708,SPI,MOSI, 0x4A00,  MISO, 0xFFFF
0.075517208,SPI,MOSI, 0xC900,  MISO, 0xFF00
0.075536125,SPI,MOSI, 0x0000,  MISO, 0x9B9F
0.075561292,SPI,MOSI, 0x0000,  MISO, 0x699F
0.075586333,SPI,MOSI, 0x0000,  MISO, 0xAA9F
0.075611375,SPI,MOSI, 0x0000,  MISO, 0x221F
0.075636417,SPI,MOSI, 0x0000,  MISO, 0x004D
0.075661,SPI,MOSI, 0x0000,  MISO, 0x9F91
0.075686042,SPI,MOSI, 0x0000,  MISO, 0x9F95
0.075711083,SPI,MOSI, 0x0000,  MISO, 0x9F2E
0.075736125,SPI,MOSI, 0x0000,  MISO, 0x8DFF
0.075761167,SPI,MOSI, 0x0000,  MISO, 0xFFFF
0.075779958,SPI,MOSI, 0x0000,  MISO, 0xFFFF
0.075798708,SPI,MOSI, 0x0000,  MISO, 0xFFFF
0.0758175,SPI,MOSI, 0x0000,  MISO, 0xFFFF
0.07583625,SPI,MOSI, 0x0000,  MISO, 0xFFFF
0.075855042,SPI,MOSI, 0x0000,  MISO, 0xFFFF
0.075873792,SPI,MOSI, 0x0000,  MISO, 0xFFFF
0.075892583,SPI,MOSI, 0x0000,  MISO, 0xFFFF
0.075911333,SPI,MOSI, 0x0000,  MISO, 0xFFFF
0.075930125,SPI,MOSI, 0x0000,  MISO, 0xFFFF
0.075948875,SPI,MOSI, 0x0000,  MISO, 0xFFFF
0.075967667,SPI,MOSI, 0x0000,  MISO, 0xFFFF
0.075986417,SPI,MOSI, 0x0000,  MISO, 0xFFFF
0.076005208,SPI,MOSI, 0x0000,  MISO, 0xFFFF
0.076024,SPI,MOSI, 0x0000,  MISO, 0xFFFF
0.07604275,SPI,MOSI, 0x0000,  MISO, 0xFFFF
0.076061542,SPI,MOSI, 0x0000,  MISO, 0xFFFF
0.07608025,SPI,MOSI, 0x0000,  MISO, 0xFFFF
0.076099042,SPI,MOSI, 0x0000,  MISO, 0xFFFF
0.076117792,SPI,MOSI, 0x0000,  MISO, 0xFFFF
0.076136583,SPI,MOSI, 0x0000,  MISO, 0xFFFF
0.076155333,SPI,MOSI, 0x0000,  MISO, 0xFFFF
0.076174125,SPI,MOSI, 0x0000,  MISO, 0xFFFF
0.076192875,SPI,MOSI, 0x0000,  MISO, 0xFFFF
0.076211667,SPI,MOSI, 0x0000,  MISO, 0xFFFF
0.076230417,SPI,MOSI, 0x0000,  MISO, 0xFFFF
0.076249208,SPI,MOSI, 0x0000,  MISO, 0xFFFF
0.076267958,SPI,MOSI, 0x0000,  MISO, 0xFFFF
0.151383458,SPI,MOSI, 0x2AD4,  MISO, 0xFFFF
0.151402,SPI,MOSI, 0x0000,  MISO, 0xFFFF
0.151441625,SPI,MOSI, 0x2AD4,  MISO, 0xFFFF
0.151460167,SPI,MOSI, 0x0000,  MISO, 0x3FFF
0.15149975,SPI,MOSI, 0x2AD4,  MISO, 0xFFFF
0.151518292,SPI,MOSI, 0x0000,  MISO, 0x0FFF
0.151557875,SPI,MOSI, 0x2AD4,  MISO, 0xFFFF
0.151576417,SPI,MOSI, 0x0000,  MISO, 0x0FFF
0.151616,SPI,MOSI, 0x2AD4,  MISO, 0xFFFF
0.151634542,SPI,MOSI, 0x0000,  MISO, 0x0FFF
0.151674917,SPI,MOSI, 0x4B00,  MISO, 0xFFFF
0.151693417,SPI,MOSI, 0x2000,  MISO, 0xFF00
0.151712333,SPI,MOSI, 0x0000,  MISO, 0xF89E
0.1517375,SPI,MOSI, 0x0000,  MISO, 0x0000
0.151761667,SPI,MOSI, 0x0000,  MISO, 0x0100
0.151786458,SPI,MOSI, 0x0000,  MISO, 0x0FD3
0.15181125,SPI,MOSI, 0x0000,  MISO, 0x0000
0.151835417,SPI,MOSI, 0x0000,  MISO, 0x0002
0.151859792,SPI,MOSI, 0x0000,  MISO, 0x0002
0.151884167,SPI,MOSI, 0x0000,  MISO, 0x0024
0.15190875,SPI,MOSI, 0x0000,  MISO, 0xA2FF
0.151933792,SPI,MOSI, 0x0000,  MISO, 0xFFFF
0.151952583,SPI,MOSI, 0x0000,  MISO, 0xFFFF
0.151971333,SPI,MOSI, 0x0000,  MISO, 0xFFFF
0.151990125,SPI,MOSI, 0x0000,  MISO, 0xFFFF
0.152008875,SPI,MOSI, 0x0000,  MISO, 0xFFFF
0.152027667,SPI,MOSI, 0x0000,  MISO, 0xFFFF
0.152046417,SPI,MOSI, 0x0000,  MISO, 0xFFFF
0.152065208,SPI,MOSI, 0x0000,  MISO, 0xFFFF
0.152083917,SPI,MOSI, 0x0000,  MISO, 0xFFFF
0.152102708,SPI,MOSI, 0x0000,  MISO, 0xFFFF
0.1521215,SPI,MOSI, 0x0000,  MISO, 0xFFFF
0.15214025,SPI,MOSI, 0x0000,  MISO, 0xFFFF
0.152159042,SPI,MOSI, 0x0000,  MISO, 0xFFFF
0.152177792,SPI,MOSI, 0x0000,  MISO, 0xFFFF
0.152196583,SPI,MOSI, 0x0000,  MISO, 0xFFFF
0.152215333,SPI,MOSI, 0x0000,  MISO, 0xFFFF
0.152234125,SPI,MOSI, 0x0000,  MISO, 0xFFFF
0.152252875,SPI,MOSI, 0x0000,  MISO, 0xFFFF
0.152271667,SPI,MOSI, 0x0000,  MISO, 0xFFFF
0.152290542,SPI,MOSI, 0x0000,  MISO, 0xFFFF
0.152309292,SPI,MOSI, 0x0000,  MISO, 0xFFFF
0.152328083,SPI,MOSI, 0x0000,  MISO, 0xFFFF
0.152346833,SPI,MOSI, 0x0000,  MISO, 0xFFFF
0.152365625,SPI,MOSI, 0x0000,  MISO, 0xFFFF
0.152384375,SPI,MOSI, 0x0000,  MISO, 0xFFFF
0.152403167,SPI,MOSI, 0x0000,  MISO, 0xFFFF
0.152421917,SPI,MOSI, 0x0000,  MISO, 0xFFFF
0.152440708,SPI,MOSI, 0x0000,  MISO, 0xFFFF
0.227549792,SPI,MOSI, 0x2AD4,  MISO, 0xFFFF
0.227568333,SPI,MOSI, 0x0000,  MISO, 0xFFFF
0.227607958,SPI,MOSI, 0x2AD4,  MISO, 0xFFFF
0.2276265,SPI,MOSI, 0x0000,  MISO, 0x3FFF
0.227666083,SPI,MOSI, 0x2AD4,  MISO, 0xFFFF
0.227684625,SPI,MOSI, 0x0000,  MISO, 0x0FFF
0.227724208,SPI,MOSI, 0x2AD4,  MISO, 0xFFFF
0.22774275,SPI,MOSI, 0x0000,  MISO, 0x0FFF
0.227782333,SPI,MOSI, 0x2AD4,  MISO, 0xFFFF
0.227800875,SPI,MOSI, 0x0000,  MISO, 0x0FFF
0.227841417,SPI,MOSI, 0x4C00,  MISO, 0xFFFF
0.227859917,SPI,MOSI, 0xE100,  MISO, 0xFF00
0.227878833,SPI,MOSI, 0x0000,  MISO, 0x0200
0.22790375,SPI,MOSI, 0x0000,  MISO, 0x5677
0.227928792,SPI,MOSI, 0x0000,  MISO, 0x2DF6
0.227953833,SPI,MOSI, 0x0000,  MISO, 0x0002
0.227978208,SPI,MOSI, 0x0000,  MISO, 0x0090
0.228002792,SPI,MOSI, 0x0000,  MISO, 0x7730
0.228027833,SPI,MOSI, 0x0000,  MISO, 0x78FF
0.228052875,SPI,MOSI, 0x0000,  MISO, 0xFFFF
0.228071667,SPI,MOSI, 0x0000,  MISO, 0xFFFF
0.228090417,SPI,MOSI, 0x0000,  MISO, 0xFFFF
0.228109167,SPI,MOSI, 0x0000,  MISO, 0xFFFF
0.228127958,SPI,MOSI, 0x0000,  MISO, 0xFFFF
0.228146708,SPI,MOSI, 0x0000,  MISO, 0xFFFF
0.2281655,SPI,MOSI, 0x0000,  MISO, 0xFFFF
0.22818425,SPI,MOSI, 0x0000,  MISO, 0xFFFF
0.228203042,SPI,MOSI, 0x0000,  MISO, 0xFFFF
0.228221833,SPI,MOSI, 0x0000,  MISO, 0xFFFF
0.228240583,SPI,MOSI, 0x0000,  MISO, 0xFFFF
0.228259375,SPI,MOSI, 0x0000,  MISO, 0xFFFF
0.228278125,SPI,MOSI, 0x0000,  MISO, 0xFFFF
0.228297,SPI,MOSI, 0x0000,  MISO, 0xFFFF
0.22831575,SPI,MOSI, 0x0000,  MISO, 0xFFFF
0.228334542,SPI,MOSI, 0x0000,  MISO, 0xFFFF
0.228353292,SPI,MOSI, 0x0000,  MISO, 0xFFFF
0.228372083,SPI,MOSI, 0x0000,  MISO, 0xFFFF
0.228390833,SPI,MOSI, 0x0000,  MISO, 0xFFFF
0.228409625,SPI,MOSI, 0x0000,  MISO, 0xFFFF
0.228428375,SPI,MOSI, 0x0000,  MISO, 0xFFFF
0.228447167,SPI,MOSI, 0x0000,  MISO, 0xFFFF
0.228465917,SPI,MOSI, 0x0000,  MISO, 0xFFFF
0.228484708,SPI,MOSI, 0x0000,  MISO, 0xFFFF
0.228503458,SPI,MOSI, 0x0000,  MISO, 0xFFFF
0.22852225,SPI,MOSI, 0x0000,  MISO, 0xFFFF
0.228541,SPI,MOSI, 0x0000,  MISO, 0xFFFF
0.228559792,SPI,MOSI, 0x0000,  MISO, 0xFFFF
0.228578583,SPI,MOSI, 0x0000,  MISO, 0xFFFF
0.228597333,SPI,MOSI, 0x0000,  MISO, 0xFFFF
0.303859625,SPI,MOSI, 0x2AD4,  MISO, 0xFFFF
0.303878167,SPI,MOSI, 0x0000,  MISO, 0xFFFF
0.303917792,SPI,MOSI, 0x2AD4,  MISO, 0xFFFF
0.303936333,SPI,MOSI, 0x0000,  MISO, 0x3FFF
0.303975958,SPI,MOSI, 0x2AD4,  MISO, 0xFFFF
0.303994458,SPI,MOSI, 0x0000,  MISO, 0x0FFF
0.304034083,SPI,MOSI, 0x2AD4,  MISO, 0xFFFF
0.304052583,SPI,MOSI, 0x0000,  MISO, 0x0FFF
0.3040935,SPI,MOSI, 0x2AD4,  MISO, 0xFFFF
0.304112,SPI,MOSI, 0x0000,  MISO, 0x0FFF
0.3041525,SPI,MOSI, 0x2AD4,  MISO, 0xFFFF
0.304171,SPI,MOSI, 0x0000,  MISO, 0x0FFF
0.304210667,SPI,MOSI, 0x2AD4,  MISO, 0xFFFF
0.304229167,SPI,MOSI, 0x0000,  MISO, 0x0FFF
0.304268792,SPI,MOSI, 0x2AD4,  MISO, 0xFFFF
0.30428725,SPI,MOSI, 0x0000,  MISO, 0x0FFF
0.304327208,SPI,MOSI, 0x2AD4,  MISO, 0xFFFF
0.30434575,SPI,MOSI, 0x0000,  MISO, 0x0FFF
0.304385333,SPI,MOSI, 0x2AD4,  MISO, 0xFFFF
0.304403875,SPI,MOSI, 0x0000,  MISO, 0x0FFF
0.304444333,SPI,MOSI, 0x0100,  MISO, 0xFFFF
0.304462833,SPI,MOSI, 0x2700,  MISO, 0xFFFF
0.30448175,SPI,MOSI, 0x0000,  MISO, 0xFFFF
0.304500583,SPI,MOSI, 0x0000,  MISO, 0xFFFF
0.304519375,SPI,MOSI, 0x0000,  MISO, 0xFFFF
0.304538125,SPI,MOSI, 0x0000,  MISO, 0xFFFF
0.304556917,SPI,MOSI, 0x0000,  MISO, 0xFFFF
0.304575667,SPI,MOSI, 0x0000,  MISO, 0xFFFF
0.304594458,SPI,MOSI, 0x0000,  MISO, 0xFFFF
0.304613208,SPI,MOSI, 0x0000,  MISO, 0xFFFF
0.304632,SPI,MOSI, 0x0000,  MISO, 0xFFFF
0.30465075,SPI,MOSI, 0x0000,  MISO, 0xFFFF
0.304669542,SPI,MOSI, 0x0000,  MISO, 0xFFFF
0.304688333,SPI,MOSI, 0x0000,  MISO, 0xFFFF
0.304707083,SPI,MOSI, 0x0000,  MISO, 0xFFFF
0.304725875,SPI,MOSI, 0x0000,  MISO, 0xFFFF
0.304744625,SPI,MOSI, 0x0000,  MISO, 0xFFFF
0.304763417,SPI,MOSI, 0x0000,  MISO, 0xFFFF
0.304782167,SPI,MOSI, 0x0000,  MISO, 0xFFFF
0.304800958,SPI,MOSI, 0x0000,  MISO, 0xFFFF
0.304819708,SPI,MOSI, 0x0000,  MISO, 0xFFFF
0.3048385,SPI,MOSI, 0x0000,  MISO, 0xFFFF
0.30485725,SPI,MOSI, 0x0000,  MISO, 0xFFFF
0.304876042,SPI,MOSI, 0x0000,  MISO, 0xFFFF
0.304894792,SPI,MOSI, 0x0000,  MISO, 0xFFFF
0.304913583,SPI,MOSI, 0x0000,  MISO, 0xFFFF
0.304932333,SPI,MOSI, 0x0000,  MISO, 0xFFFF
0.304951125,SPI,MOSI, 0x0000,  MISO, 0xFFFF
0.304969875,SPI,MOSI, 0x0000,  MISO, 0xFFFF
0.304988667,SPI,MOSI, 0x0000,  MISO, 0xFFFF
0.305007417,SPI,MOSI, 0x0000,  MISO, 0xFFFF
0.305026208,SPI,MOSI, 0x0000,  MISO, 0xFFFF
0.305045,SPI,MOSI, 0x0000,  MISO, 0xFFFF
0.30506375,SPI,MOSI, 0x0000,  MISO, 0xFFFF
0.305082542,SPI,MOSI, 0x0000,  MISO, 0xFFFF
0.30510125,SPI,MOSI, 0x0000,  MISO, 0xFFFF
0.305120042,SPI,MOSI, 0x0000,  MISO, 0xFFFF
0.305138792,SPI,MOSI, 0x0000,  MISO, 0xFFFF
0.305157583,SPI,MOSI, 0x0000,  MISO, 0xFFFF
0.380184833,SPI,MOSI, 0x2AD4,  MISO, 0xFFFF
0.380203333,SPI,MOSI, 0x0000,  MISO, 0xFFFF
0.380243,SPI,MOSI, 0x2AD4,  MISO, 0xFFFF
0.3802615,SPI,MOSI, 0x0000,  MISO, 0x3FFF
0.380303208,SPI,MOSI, 0x2AD4,  MISO, 0xFFFF
0.380321708,SPI,MOSI, 0x0000,  MISO, 0x0FFF
0.380361333,SPI,MOSI, 0x2AD4,  MISO, 0xFFFF
0.380379833,SPI,MOSI, 0x0000,  MISO, 0x0FFF
0.380419458,SPI,MOSI, 0x2AD4,  MISO, 0xFFFF
0.380438,SPI,MOSI, 0x0000,  MISO, 0x0FFF
0.380478458,SPI,MOSI, 0x0100,  MISO, 0xFFFF
0.380496958,SPI,MOSI, 0x3300,  MISO, 0xFFFF
0.380515875,SPI,MOSI, 0x0000,  MISO, 0xFFFF
0.380534708,SPI,MOSI, 0x0000,  MISO, 0xFFFF
0.3805535,SPI,MOSI, 0x0000,  MISO, 0xFFFF
0.38057225,SPI,MOSI, 0x0000,  MISO, 0xFFFF
0.380591042,SPI,MOSI, 0x0000,  MISO, 0xFFFF
0.380609792,SPI,MOSI, 0x0000,  MISO, 0xFFFF
0.380628583,SPI,MOSI, 0x0000,  MISO, 0xFFFF
0.380647333,SPI,MOSI, 0x0000,  MISO, 0xFFFF
0.380666125,SPI,MOSI, 0x0000,  MISO, 0xFFFF
0.380684875,SPI,MOSI, 0x0000,  MISO, 0xFFFF
0.380703667,SPI,MOSI, 0x0000,  MISO, 0xFFFF
0.380722417,SPI,MOSI, 0x0000,  MISO, 0xFFFF
0.380741208,SPI,MOSI, 0x0000,  MISO, 0xFFFF
0.380759958,SPI,MOSI, 0x0000,  MISO, 0xFFFF
0.38077875,SPI,MOSI, 0x0000,  MISO, 0xFFFF
0.3807975,SPI,MOSI, 0x0000,  MISO, 0xFFFF
0.380816292,SPI,MOSI, 0x0000,  MISO, 0xFFFF
0.380835083,SPI,MOSI, 0x0000,  MISO, 0xFFFF
0.380853833,SPI,MOSI, 0x0000,  MISO, 0xFFFF
0.380872625,SPI,MOSI, 0x0000,  MISO, 0xFFFF
0.380891375,SPI,MOSI, 0x0000,  MISO, 0xFFFF
0.380910167,SPI,MOSI, 0x0000,  MISO, 0xFFFF
0.380928917,SPI,MOSI, 0x0000,  MISO, 0xFFFF
0.380947708,SPI,MOSI, 0x0000,  MISO, 0xFFFF
0.380966458,SPI,MOSI, 0x0000,  MISO, 0xFFFF
0.38098525,SPI,MOSI, 0x0000,  MISO, 0xFFFF
0.381004,SPI,MOSI, 0x0000,  MISO, 0xFFFF
0.381022792,SPI,MOSI, 0x0000,  MISO, 0xFFFF
0.381041542,SPI,MOSI, 0x0000,  MISO, 0xFFFF
0.381060333,SPI,MOSI, 0x0000,  MISO, 0xFFFF
0.381079083,SPI,MOSI, 0x0000,  MISO, 0xFFFF
0.381097833,SPI,MOSI, 0x0000,  MISO, 0xFFFF
0.381116583,SPI,MOSI, 0x0000,  MISO, 0xFFFF
0.381135375,SPI,MOSI, 0x0000,  MISO, 0xFFFF
0.381154125,SPI,MOSI, 0x0000,  MISO, 0xFFFF
0.381172917,SPI,MOSI, 0x0000,  MISO, 0xFFFF
0.381191708,SPI,MOSI, 0x0000,  MISO, 0xFFFF
0.456217542,SPI,MOSI, 0x2AD4,  MISO, 0xFFFF
0.456236042,SPI,MOSI, 0x0000,  MISO, 0xFFFF
0.456275708,SPI,MOSI, 0x2AD4,  MISO, 0xFFFF
0.456294208,SPI,MOSI, 0x0000,  MISO, 0x3FFF
0.456334083,SPI,MOSI, 0x2AD4,  MISO, 0xFFFF
0.456352583,SPI,MOSI, 0x0000,  MISO, 0x0FFF
0.456392208,SPI,MOSI, 0x2AD4,  MISO, 0xFFFF
0.456410708,SPI,MOSI, 0x0000,  MISO, 0x0FFF
0.456450333,SPI,MOSI, 0x2AD4,  MISO, 0xFFFF
0.456468833,SPI,MOSI, 0x0000,  MISO, 0x0FFF
0.45650925,SPI,MOSI, 0x0000,  MISO, 0xFFFF
0.456527792,SPI,MOSI, 0x9400,  MISO, 0xFFFF
0.456546708,SPI,MOSI, 0x0000,  MISO, 0xFFFF
0.456565542,SPI,MOSI, 0x0000,  MISO, 0xFFFF
0.456584333,SPI,MOSI, 0x0000,  MISO, 0xFFFF
0.456603083,SPI,MOSI, 0x0000,  MISO, 0xFFFF
0.456621875,SPI,MOSI, 0x0000,  MISO, 0xFFFF
0.456640625,SPI,MOSI, 0x0000,  MISO, 0xFFFF
0.456659417,SPI,MOSI, 0x0000,  MISO, 0xFFFF
0.456678167,SPI,MOSI, 0x0000,  MISO, 0xFFFF
0.456696958,SPI,MOSI, 0x0000,  MISO, 0xFFFF
0.456715708,SPI,MOSI, 0x0000,  MISO, 0xFFFF
0.4567345,SPI,MOSI, 0x0000,  MISO, 0xFFFF
0.45675325,SPI,MOSI, 0x0000,  MISO, 0xFFFF
0.456772042,SPI,MOSI, 0x0000,  MISO, 0xFFFF
0.456790792,SPI,MOSI, 0x0000,  MISO, 0xFFFF
0.456809583,SPI,MOSI, 0x0000,  MISO, 0xFFFF
0.456828333,SPI,MOSI, 0x0000,  MISO, 0xFFFF
0.456847125,SPI,MOSI, 0x0000,  MISO, 0xFFFF
0.456865875,SPI,MOSI, 0x0000,  MISO, 0xFFFF
0.456884667,SPI,MOSI, 0x0000,  MISO, 0xFFFF
0.456903458,SPI,MOSI, 0x0000,  MISO, 0xFFFF
0.456922208,SPI,MOSI, 0x0000,  MISO, 0xFFFF
0.456941,SPI,MOSI, 0x0000,  MISO, 0xFFFF
0.45695975,SPI,MOSI, 0x0000,  MISO, 0xFFFF
0.456978542,SPI,MOSI, 0x0000,  MISO, 0xFFFF
0.456997292,SPI,MOSI, 0x0000,  MISO, 0xFFFF
0.457016083,SPI,MOSI, 0x0000,  MISO, 0xFFFF
0.457034833,SPI,MOSI, 0x0000,  MISO, 0xFFFF
0.457053625,SPI,MOSI, 0x0000,  MISO, 0xFFFF
0.457072375,SPI,MOSI, 0x0000,  MISO, 0xFFFF
0.457091167,SPI,MOSI, 0x0000,  MISO, 0xFFFF
0.457109875,SPI,MOSI, 0x0000,  MISO, 0xFFFF
0.457128667,SPI,MOSI, 0x0000,  MISO, 0xFFFF
0.457147417,SPI,MOSI, 0x0000,  MISO, 0xFFFF
0.457166208,SPI,MOSI, 0x0000,  MISO, 0xFFFF
0.457184958,SPI,MOSI, 0x0000,  MISO, 0xFFFF
0.45720375,SPI,MOSI, 0x0000,  MISO, 0xFFFF
0.4572225,SPI,MOSI, 0x0000,  MISO, 0xFFFF
0.532249458,SPI,MOSI, 0x2BFB,  MISO, 0xFFFF
0.532289458,SPI,MOSI, 0x2BFB,  MISO, 0xFFFF
0.532330167,SPI,MOSI, 0x0100,  MISO, 0xFFFF
0.532348667,SPI,MOSI, 0xDA00,  MISO, 0xFFFF
0.532367583,SPI,MOSI, 0x0000,  MISO, 0xFFFF
0.532386458,SPI,MOSI, 0x0000,  MISO, 0xFFFF
0.532405208,SPI,MOSI, 0x0000,  MISO, 0xFFFF
0.532424,SPI,MOSI, 0x0000,  MISO, 0xFFFF
0.53244275,SPI,MOSI, 0x0000,  MISO, 0xFFFF
0.532461542,SPI,MOSI, 0x0000,  MISO, 0xFFFF
0.532480292,SPI,MOSI, 0x0000,  MISO, 0xFFFF
0.532499083,SPI,MOSI, 0x0000,  MISO, 0xFFFF
0.532517833,SPI,MOSI, 0x0000,  MISO, 0xFFFF
0.532536625,SPI,MOSI, 0x0000,  MISO, 0xFFFF
0.532555375,SPI,MOSI, 0x0000,  MISO, 0xFFFF
0.532574167,SPI,MOSI, 0x0000,  MISO, 0xFFFF
0.532592917,SPI,MOSI, 0x0000,  MISO, 0xFFFF
0.532611708,SPI,MOSI, 0x0000,  MISO, 0xFFFF
0.532630458,SPI,MOSI, 0x0000,  MISO, 0xFFFF
0.53264925,SPI,MOSI, 0x0000,  MISO, 0xFFFF
0.532668,SPI,MOSI, 0x0000,  MISO, 0xFFFF
0.532686792,SPI,MOSI, 0x0000,  MISO, 0xFFFF
0.532705583,SPI,MOSI, 0x0000,  MISO, 0xFFFF
0.532724333,SPI,MOSI, 0x0000,  MISO, 0xFFFF
0.532743125,SPI,MOSI, 0x0000,  MISO, 0xFFFF
0.532761875,SPI,MOSI, 0x0000,  MISO, 0xFFFF
0.532780667,SPI,MOSI, 0x0000,  MISO, 0xFFFF
0.532799417,SPI,MOSI, 0x0000,  MISO, 0xFFFF
0.532818208,SPI,MOSI, 0x0000,  MISO, 0xFFFF
0.532836958,SPI,MOSI, 0x0000,  MISO, 0xFFFF
0.53285575,SPI,MOSI, 0x0000,  MISO, 0xFFFF
0.5328745,SPI,MOSI, 0x0000,  MISO, 0xFFFF
0.532893292,SPI,MOSI, 0x0000,  MISO, 0xFFFF
0.532912042,SPI,MOSI, 0x0000,  MISO, 0xFFFF
0.532930833,SPI,MOSI, 0x0000,  MISO, 0xFFFF
0.532949583,SPI,MOSI, 0x0000,  MISO, 0xFFFF
0.532968375,SPI,MOSI, 0x0000,  MISO, 0xFFFF
0.532987125,SPI,MOSI, 0x0000,  MISO, 0xFFFF
0.533005917,SPI,MOSI, 0x0000,  MISO, 0xFFFF
0.533024708,SPI,MOSI, 0x0000,  MISO, 0xFFFF
0.533043458,SPI,MOSI, 0x0000,  MISO, 0xFFFF
0.608071125,SPI,MOSI, 0x2AD4,  MISO, 0xFFFF
0.608089667,SPI,MOSI, 0x0000,  MISO, 0xFFFF
0.608129542,SPI,MOSI, 0x2AD4,  MISO, 0xFFFF
0.608148083,SPI,MOSI, 0x0000,  MISO, 0x3FFF
0.608187667,SPI,MOSI, 0x2AD4,  MISO, 0xFFFF
0.608206208,SPI,MOSI, 0x0000,  MISO, 0x0FFF
0.608245792,SPI,MOSI, 0x2AD4,  MISO, 0xFFFF
0.608264333,SPI,MOSI, 0x0000,  MISO, 0x0FFF
0.608303917,SPI,MOSI, 0x2AD4,  MISO, 0xFFFF
0.608322417,SPI,MOSI, 0x0000,  MISO, 0x0FFF
0.608363042,SPI,MOSI, 0x4700,  MISO, 0xFFFF
0.608381542,SPI,MOSI, 0x7000,  MISO, 0xFF00
0.608400458,SPI,MOSI, 0x0000,  MISO, 0xBC9E
0.608425625,SPI,MOSI, 0x0000,  MISO, 0x4000
0.608450667,SPI,MOSI, 0x0000,  MISO, 0x5D9F
0.608475708,SPI,MOSI, 0x0000,  MISO, 0x1001
0.60850075,SPI,MOSI, 0x0000,  MISO, 0x0010
0.608525333,SPI,MOSI, 0x0000,  MISO, 0xA090
0.608550375,SPI,MOSI, 0x0000,  MISO, 0x9F84
0.608575417,SPI,MOSI, 0x0000,  MISO, 0x9F33
0.608600458,SPI,MOSI, 0x0000,  MISO, 0x38FF
0.6086255,SPI,MOSI, 0x0000,  MISO, 0xFFFF
0.608644292,SPI,MOSI, 0x0000,  MISO, 0xFFFF
0.608663042,SPI,MOSI, 0x0000,  MISO, 0xFFFF
0.608681833,SPI,MOSI, 0x0000,  MISO, 0xFFFF
0.608700583,SPI,MOSI, 0x0000,  MISO, 0xFFFF
0.608719375,SPI,MOSI, 0x0000,  MISO, 0xFFFF
0.608738125,SPI,MOSI, 0x0000,  MISO, 0xFFFF
0.608756917,SPI,MOSI, 0x0000,  MISO, 0xFFFF
0.608775667,SPI,MOSI, 0x0000,  MISO, 0xFFFF
0.608794458,SPI,MOSI, 0x0000,  MISO, 0xFFFF
0.60881325,SPI,MOSI, 0x0000,  MISO, 0xFFFF
0.608832,SPI,MOSI, 0x0000,  MISO, 0xFFFF
0.608850792,SPI,MOSI, 0x0000,  MISO, 0xFFFF
0.608869542,SPI,MOSI, 0x0000,  MISO, 0xFFFF
0.608888333,SPI,MOSI, 0x0000,  MISO, 0xFFFF
0.608907083,SPI,MOSI, 0x0000,  MISO, 0xFFFF
0.608925875,SPI,MOSI, 0x0000,  MISO, 0xFFFF
0.608944625,SPI,MOSI, 0x0000,  MISO, 0xFFFF
0.608963417,SPI,MOSI, 0x0000,  MISO, 0xFFFF
0.608982167,SPI,MOSI, 0x0000,  MISO, 0xFFFF
0.609000958,SPI,MOSI, 0x0000,  MISO, 0xFFFF
0.609019708,SPI,MOSI, 0x0000,  MISO, 0xFFFF
0.6090385,SPI,MOSI, 0x0000,  MISO, 0xFFFF
0.60905725,SPI,MOSI, 0x0000,  MISO, 0xFFFF
0.609076042,SPI,MOSI, 0x0000,  MISO, 0xFFFF
0.609094792,SPI,MOSI, 0x0000,  MISO, 0xFFFF
0.609113542,SPI,MOSI, 0x0000,  MISO, 0xFFFF
0.609132292,SPI,MOSI, 0x0000,  MISO, 0xFFFF
0.684178625,SPI,MOSI, 0x2AD4,  MISO, 0xFFFF
0.684197167,SPI,MOSI, 0x0000,  MISO, 0xFFFF
0.684236792,SPI,MOSI, 0x2AD4,  MISO, 0xFFFF
0.684255333,SPI,MOSI, 0x0000,  MISO, 0x3FFF
0.684294917,SPI,MOSI, 0x2AD4,  MISO, 0xFFFF
0.684313375,SPI,MOSI, 0x0000,  MISO, 0x0FFF
0.684353292,SPI,MOSI, 0x2AD4,  MISO, 0xFFFF
0.684371833,SPI,MOSI, 0x0000,  MISO, 0x0FFF
0.684411417,SPI,MOSI, 0x2AD4,  MISO, 0xFFFF
0.684429958,SPI,MOSI, 0x0000,  MISO, 0x0FFF
0.684470333,SPI,MOSI, 0x4800,  MISO, 0xFFFF
0.684488833,SPI,MOSI, 0x3400,  MISO, 0xFF00
0.68450775,SPI,MOSI, 0x0000,  MISO, 0xC19F
0.684532917,SPI,MOSI, 0x0000,  MISO, 0x579F
0.684557958,SPI,MOSI, 0x0000,  MISO, 0x709F
0.684583,SPI,MOSI, 0x0000,  MISO, 0x3667
0.684608042,SPI,MOSI, 0x0000,  MISO, 0x00A2
0.684632625,SPI,MOSI, 0x0000,  MISO, 0x9F80
0.684657667,SPI,MOSI, 0x0000,  MISO, 0x9F95
0.684682708,SPI,MOSI, 0x0000,  MISO, 0x9F22
0.68470775,SPI,MOSI, 0x0000,  MISO, 0x5DFF
0.684732792,SPI,MOSI, 0x0000,  MISO, 0xFFFF
0.684751583,SPI,MOSI, 0x0000,  MISO, 0xFFFF
0.684770333,SPI,MOSI, 0x0000,  MISO, 0xFFFF
0.684789125,SPI,MOSI, 0x0000,  MISO, 0xFFFF
0.684807875,SPI,MOSI, 0x0000,  MISO, 0xFFFF
0.684826667,SPI,MOSI, 0x0000,  MISO, 0xFFFF
0.684845417,SPI,MOSI, 0x0000,  MISO, 0xFFFF
0.684864208,SPI,MOSI, 0x0000,  MISO, 0xFFFF
0.684882958,SPI,MOSI, 0x0000,  MISO, 0xFFFF
0.68490175,SPI,MOSI, 0x0000,  MISO, 0xFFFF
0.684920542,SPI,MOSI, 0x0000,  MISO, 0xFFFF
0.684939292,SPI,MOSI, 0x0000,  MISO, 0xFFFF
0.684958083,SPI,MOSI, 0x0000,  MISO, 0xFFFF
0.684976833,SPI,MOSI, 0x0000,  MISO, 0xFFFF
0.684995625,SPI,MOSI, 0x0000,  MISO, 0xFFFF
0.685014375,SPI,MOSI, 0x0000,  MISO, 0xFFFF
0.685033167,SPI,MOSI, 0x0000,  MISO, 0xFFFF
0.685051917,SPI,MOSI, 0x0000,  MISO, 0xFFFF
0.685070708,SPI,MOSI, 0x0000,  MISO, 0xFFFF
0.685089458,SPI,MOSI, 0x0000,  MISO, 0xFFFF
0.685109125,SPI,MOSI, 0x0000,  MISO, 0xFFFF
0.685127875,SPI,MOSI, 0x0000,  MISO, 0xFFFF
0.685146667,SPI,MOSI, 0x0000,  MISO, 0xFFFF
0.685165417,SPI,MOSI, 0x0000,  MISO, 0xFFFF
0.685184208,SPI,MOSI, 0x0000,  MISO, 0xFFFF
0.685202958,SPI,MOSI, 0x0000,  MISO, 0xFFFF
0.68522175,SPI,MOSI, 0x0000,  MISO, 0xFFFF
0.6852405,SPI,MOSI, 0x0000,  MISO, 0xFFFF
0.76036075,SPI,MOSI, 0x2AD4,  MISO, 0xFFFF
0.760379292,SPI,MOSI, 0x0000,  MISO, 0xFFFF
0.760418917,SPI,MOSI, 0x2AD4,  MISO, 0xFFFF
0.760437458,SPI,MOSI, 0x0000,  MISO, 0x3FFF
0.760477042,SPI,MOSI, 0x2AD4,  MISO, 0xFFFF
0.760495583,SPI,MOSI, 0x0000,  MISO, 0x0FFF
0.760535167,SPI,MOSI, 0x2AD4,  MISO, 0xFFFF
0.760553708,SPI,MOSI, 0x0000,  MISO, 0x0FFF
0.760593292,SPI,MOSI, 0x2AD4,  MISO, 0xFFFF
0.760611833,SPI,MOSI, 0x0000,  MISO, 0x0FFF
0.760652333,SPI,MOSI, 0x4900,  MISO, 0xFFFF
0.760670833,SPI,MOSI, 0xDD00,  MISO, 0xFF00
0.76068975,SPI,MOSI, 0x0000,  MISO, 0x5A9F
0.760714917,SPI,MOSI, 0x0000,  MISO, 0x699F
0.760739958,SPI,MOSI, 0x0000,  MISO, 0x729F
0.760765,SPI,MOSI, 0x0000,  MISO, 0x0D93
0.760789792,SPI,MOSI, 0x0000,  MISO, 0x0088
0.760814375,SPI,MOSI, 0x0000,  MISO, 0x9F81
0.760839417,SPI,MOSI, 0x0000,  MISO, 0x9F8B
0.760864458,SPI,MOSI, 0x0000,  MISO, 0x9F25
0.7608895,SPI,MOSI, 0x0000,  MISO, 0x0DFF
0.760914292,SPI,MOSI, 0x0000,  MISO, 0xFFFF
0.760933083,SPI,MOSI, 0x0000,  MISO, 0xFFFF
0.760951833,SPI,MOSI, 0x0000,  MISO, 0xFFFF
0.760970625,SPI,MOSI, 0x0000,  MISO, 0xFFFF
0.760989375,SPI,MOSI, 0x0000,  MISO, 0xFFFF
0.761008167,SPI,MOSI, 0x0000,  MISO, 0xFFFF
0.761026958,SPI,MOSI, 0x0000,  MISO, 0xFFFF
0.761045708,SPI,MOSI, 0x0000,  MISO, 0xFFFF
0.7610645,SPI,MOSI, 0x0000,  MISO, 0xFFFF
0.76108325,SPI,MOSI, 0x0000,  MISO, 0xFFFF
0.761102042,SPI,MOSI, 0x0000,  MISO, 0xFFFF
0.76112075,SPI,MOSI, 0x0000,  MISO, 0xFFFF
0.761139542,SPI,MOSI, 0x0000,  MISO, 0xFFFF
0.761158292,SPI,MOSI, 0x0000,  MISO, 0xFFFF
0.761177083,SPI,MOSI, 0x0000,  MISO, 0xFFFF
0.761195833,SPI,MOSI, 0x0000,  MISO, 0xFFFF
0.761214625,SPI,MOSI, 0x0000,  MISO, 0xFFFF
0.761233375,SPI,MOSI, 0x0000,  MISO, 0xFFFF
0.761252167,SPI,MOSI, 0x0000,  MISO, 0xFFFF
0.761270917,SPI,MOSI, 0x0000,  MISO, 0xFFFF
0.761289708,SPI,MOSI, 0x0000,  MISO, 0xFFFF
0.761308458,SPI,MOSI, 0x0000,  MISO, 0xFFFF
0.761327375,SPI,MOSI, 0x0000,  MISO, 0xFFFF
0.761346125,SPI,MOSI, 0x0000,  MISO, 0xFFFF
0.761364917,SPI,MOSI, 0x0000,  MISO, 0xFFFF
0.761383708,SPI,MOSI, 0x0000,  MISO, 0xFFFF
0.761402458,SPI,MOSI, 0x0000,  MISO, 0xFFFF
0.76142125,SPI,MOSI, 0x0000,  MISO, 0xFFFF
0.836537667,SPI,MOSI, 0x2AD4,  MISO, 0xFFFF
0.836556208,SPI,MOSI, 0x0000,  MISO, 0xFFFF
0.836595833,SPI,MOSI, 0x2AD4,  MISO, 0xFFFF
0.836614375,SPI,MOSI, 0x0000,  MISO, 0x3FFF
0.836653958,SPI,MOSI, 0x2AD4,  MISO, 0xFFFF
0.8366725,SPI,MOSI, 0x0000,  MISO, 0x0FFF
0.836712083,SPI,MOSI, 0x2AD4,  MISO, 0xFFFF
0.836730625,SPI,MOSI, 0x0000,  MISO, 0x0FFF
0.836770208,SPI,MOSI, 0x2AD4,  MISO, 0xFFFF
0.83678875,SPI,MOSI, 0x0000,  MISO, 0x0FFF
0.836829125,SPI,MOSI, 0x4A00,  MISO, 0xFFFF
0.836847625,SPI,MOSI, 0xC900,  MISO, 0xFF00
0.836866542,SPI,MOSI, 0x0000,  MISO, 0x9B9F
0.836891708,SPI,MOSI, 0x0000,  MISO, 0x689F
0.83691675,SPI,MOSI, 0x0000,  MISO, 0xAA9F
0.836941792,SPI,MOSI, 0x0000,  MISO, 0x3CB7
0.836966833,SPI,MOSI, 0x0000,  MISO, 0x004D
0.836991417,SPI,MOSI, 0x0000,  MISO, 0x9F91
0.837016458,SPI,MOSI, 0x0000,  MISO, 0x9F95
0.8370415,SPI,MOSI, 0x0000,  MISO, 0x9F2E
0.837066542,SPI,MOSI, 0x0000,  MISO, 0x8DFF
0.837091583,SPI,MOSI, 0x0000,  MISO, 0xFFFF
0.837110375,SPI,MOSI, 0x0000,  MISO, 0xFFFF
0.837129083,SPI,MOSI, 0x0000,  MISO, 0xFFFF
0.837147875,SPI,MOSI, 0x0000,  MISO, 0xFFFF
0.837166667,SPI,MOSI, 0x0000,  MISO, 0xFFFF
0.837185417,SPI,MOSI, 0x0000,  MISO, 0xFFFF
0.837204208,SPI,MOSI, 0x0000,  MISO, 0xFFFF
0.837222958,SPI,MOSI, 0x0000,  MISO, 0xFFFF
0.83724175,SPI,MOSI, 0x0000,  MISO, 0xFFFF
0.8372605,SPI,MOSI, 0x0000,  MISO, 0xFFFF
0.837279292,SPI,MOSI, 0x0000,  MISO, 0xFFFF
0.837298042,SPI,MOSI, 0x0000,  MISO, 0xFFFF
0.837316833,SPI,MOSI, 0x0000,  MISO, 0xFFFF
0.837335667,SPI,MOSI, 0x0000,  MISO, 0xFFFF
0.837354417,SPI,MOSI, 0x0000,  MISO, 0xFFFF
0.837373208,SPI,MOSI, 0x0000,  MISO, 0xFFFF
0.837391958,SPI,MOSI, 0x0000,  MISO, 0xFFFF
0.83741075,SPI,MOSI, 0x0000,  MISO, 0xFFFF
0.8374295,SPI,MOSI, 0x0000,  MISO, 0xFFFF
0.837448292,SPI,MOSI, 0x0000,  MISO, 0xFFFF
0.837467042,SPI,MOSI, 0x0000,  MISO, 0xFFFF
0.837485833,SPI,MOSI, 0x0000,  MISO, 0xFFFF
0.837504625,SPI,MOSI, 0x0000,  MISO, 0xFFFF
0.837523375,SPI,MOSI, 0x0000,  MISO, 0xFFFF
0.837542167,SPI,MOSI, 0x0000,  MISO, 0xFFFF
0.837560917,SPI,MOSI, 0x0000,  MISO, 0xFFFF
0.837579708,SPI,MOSI, 0x0000,  MISO, 0xFFFF
0.837598458,SPI,MOSI, 0x0000,  MISO, 0xFFFF
0.912714667,SPI,MOSI, 0x2AD4,  MISO, 0xFFFF
0.912733208,SPI,MOSI, 0x0000,  MISO, 0xFFFF
0.912772833,SPI,MOSI, 0x2AD4,  MISO, 0xFFFF
0.912791375,SPI,MOSI, 0x0000,  MISO, 0x3FFF
0.912830958,SPI,MOSI, 0x2AD4,  MISO, 0xFFFF
0.9128495,SPI,MOSI, 0x0000,  MISO, 0x0FFF
0.912889083,SPI,MOSI, 0x2AD4,  MISO, 0xFFFF
0.912907625,SPI,MOSI, 0x0000,  MISO, 0x0FFF
0.91294725,SPI,MOSI, 0x2AD4,  MISO, 0xFFFF
0.91296575,SPI,MOSI, 0x0000,  MISO, 0x0FFF
0.913006125,SPI,MOSI, 0x4B00,  MISO, 0xFFFF
0.913024667,SPI,MOSI, 0x2000,  MISO, 0xFF00
0.913043542,SPI,MOSI, 0x0000,  MISO, 0xF99E
0.913068708,SPI,MOSI, 0x0000,  MISO, 0x0000
0.913092875,SPI,MOSI, 0x0000,  MISO, 0x0100
0.913117667,SPI,MOSI, 0x0000,  MISO, 0x1865
0.913142667,SPI,MOSI, 0x0000,  MISO, 0x0000
0.913166833,SPI,MOSI, 0x0000,  MISO, 0x0002
0.913191208,SPI,MOSI, 0x0000,  MISO, 0x0002
0.913215583,SPI,MOSI, 0x0000,  MISO, 0x0024
0.913240167,SPI,MOSI, 0x0000,  MISO, 0xA2FF
0.91326525,SPI,MOSI, 0x0000,  MISO, 0xFFFF
0.913284,SPI,MOSI, 0x0000,  MISO, 0xFFFF
0.913302792,SPI,MOSI, 0x0000,  MISO, 0xFFFF
0.913321542,SPI,MOSI, 0x0000,  MISO, 0xFFFF
0.913340458,SPI,MOSI, 0x0000,  MISO, 0xFFFF
0.913359208,SPI,MOSI, 0x0000,  MISO, 0xFFFF
0.913378,SPI,MOSI, 0x0000,  MISO, 0xFFFF
0.91339675,SPI,MOSI, 0x0000,  MISO, 0xFFFF
0.913415542,SPI,MOSI, 0x0000,  MISO, 0xFFFF
0.913434292,SPI,MOSI, 0x0000,  MISO, 0xFFFF
0.913453083,SPI,MOSI, 0x0000,  MISO, 0xFFFF
0.913471833,SPI,MOSI, 0x0000,  MISO, 0xFFFF
0.913490625,SPI,MOSI, 0x0000,  MISO, 0xFFFF
0.913509375,SPI,MOSI, 0x0000,  MISO, 0xFFFF
0.913528167,SPI,MOSI, 0x0000,  MISO, 0xFFFF
0.913546917,SPI,MOSI, 0x0000,  MISO, 0xFFFF
0.913565708,SPI,MOSI, 0x0000,  MISO, 0xFFFF
0.913584458,SPI,MOSI, 0x0000,  MISO, 0xFFFF
0.91360325,SPI,MOSI, 0x0000,  MISO, 0xFFFF
0.913622,SPI,MOSI, 0x0000,  MISO, 0xFFFF
0.913640792,SPI,MOSI, 0x0000,  MISO, 0xFFFF
0.913659583,SPI,MOSI, 0x0000,  MISO, 0xFFFF
0.913678333,SPI,MOSI, 0x0000,  MISO, 0xFFFF
0.913697125,SPI,MOSI, 0x0000,  MISO, 0xFFFF
0.913715875,SPI,MOSI, 0x0000,  MISO, 0xFFFF
0.913734667,SPI,MOSI, 0x0000,  MISO, 0xFFFF
0.913753417,SPI,MOSI, 0x0000,  MISO, 0xFFFF
0.913772208,SPI,MOSI, 0x0000,  MISO, 0xFFFF
0.988881542,SPI,MOSI, 0x2AD4,  MISO, 0xFFFF
0.988900083,SPI,MOSI, 0x0000,  MISO, 0xFFFF
0.988939708,SPI,MOSI, 0x2AD4,  MISO, 0xFFFF
0.98895825,SPI,MOSI, 0x0000,  MISO, 0x3FFF
0.988997833,SPI,MOSI, 0x2AD4,  MISO, 0xFFFF
0.989016375,SPI,MOSI, 0x0000,  MISO, 0x0FFF
0.989056,SPI,MOSI, 0x2AD4,  MISO, 0xFFFF
0.9890745,SPI,MOSI, 0x0000,  MISO, 0x0FFF
0.989114125,SPI,MOSI, 0x2AD4,  MISO, 0xFFFF
0.989132583,SPI,MOSI, 0x0000,  MISO, 0x0FFF
0.989173333,SPI,MOSI, 0x4C00,  MISO, 0xFFFF
0.989191875,SPI,MOSI, 0xE100,  MISO, 0xFF00
0.98921075,SPI,MOSI, 0x0000,  MISO, 0x0200
0.989235667,SPI,MOSI, 0x0000,  MISO, 0x5377
0.989260708,SPI,MOSI, 0x0000,  MISO, 0x3F7C
0.98928575,SPI,MOSI, 0x0000,  MISO, 0x0002
0.989310125,SPI,MOSI, 0x0000,  MISO, 0x0090
0.989336625,SPI,MOSI, 0x0000,  MISO, 0x7730
0.989361708,SPI,MOSI, 0x0000,  MISO, 0x78FF
0.98938675,SPI,MOSI, 0x0000,  MISO, 0xFFFF
0.9894055,SPI,MOSI, 0x0000,  MISO, 0xFFFF
0.989424292,SPI,MOSI, 0x0000,  MISO, 0xFFFF
0.989443042,SPI,MOSI, 0x0000,  MISO, 0xFFFF
0.989461833,SPI,MOSI, 0x0000,  MISO, 0xFFFF
0.989480583,SPI,MOSI, 0x0000,  MISO, 0xFFFF
0.989499375,SPI,MOSI, 0x0000,  MISO, 0xFFFF
0.989518125,SPI,MOSI, 0x0000,  MISO, 0xFFFF
0.989536917,SPI,MOSI, 0x0000,  MISO, 0xFFFF
0.989555667,SPI,MOSI, 0x0000,  MISO, 0xFFFF
0.989574458,SPI,MOSI, 0x0000,  MISO, 0xFFFF
0.989593208,SPI,MOSI, 0x0000,  MISO, 0xFFFF
0.989612,SPI,MOSI, 0x0000,  MISO, 0xFFFF
0.98963075,SPI,MOSI, 0x0000,  MISO, 0xFFFF
0.989649542,SPI,MOSI, 0x0000,  MISO, 0xFFFF
0.989668292,SPI,MOSI, 0x0000,  MISO, 0xFFFF
0.989687083,SPI,MOSI, 0x0000,  MISO, 0xFFFF
0.989705833,SPI,MOSI, 0x0000,  MISO, 0xFFFF
0.989724625,SPI,MOSI, 0x0000,  MISO, 0xFFFF
0.989743375,SPI,MOSI, 0x0000,  MISO, 0xFFFF
0.989762167,SPI,MOSI, 0x0000,  MISO, 0xFFFF
0.989780958,SPI,MOSI, 0x0000,  MISO, 0xFFFF
0.989799708,SPI,MOSI, 0x0000,  MISO, 0xFFFF
0.9898185,SPI,MOSI, 0x0000,  MISO, 0xFFFF
0.98983725,SPI,MOSI, 0x0000,  MISO, 0xFFFF
0.989856042,SPI,MOSI, 0x0000,  MISO, 0xFFFF
0.989874792,SPI,MOSI, 0x0000,  MISO, 0xFFFF
0.989893583,SPI,MOSI, 0x0000,  MISO, 0xFFFF
0.989912333,SPI,MOSI, 0x0000,  MISO, 0xFFFF
0.989931125,SPI,MOSI, 0x0000,  MISO, 0xFFFF
1.065194167,SPI,MOSI, 0x2AD4,  MISO, 0xFFFF
1.065212667,SPI,MOSI, 0x0000,  MISO, 0xFFFF
1.065252333,SPI,MOSI, 0x2AD4,  MISO, 0xFFFF
1.065270833,SPI,MOSI, 0x0000,  MISO, 0x3FFF
1.065310458,SPI,MOSI, 0x2AD4,  MISO, 0xFFFF
1.065328958,SPI,MOSI, 0x0000,  MISO, 0x0FFF
1.065368875,SPI,MOSI, 0x2AD4,  MISO, 0xFFFF
1.065387375,SPI,MOSI, 0x0000,  MISO, 0x0FFF
1.065427,SPI,MOSI, 0x2AD4,  MISO, 0xFFFF
1.0654455,SPI,MOSI, 0x0000,  MISO, 0x0FFF
1.065486,SPI,MOSI, 0x2AD4,  MISO, 0xFFFF
1.065504542,SPI,MOSI, 0x0000,  MISO, 0x0FFF
1.065544167,SPI,MOSI, 0x2AD4,  MISO, 0xFFFF
1.065562708,SPI,MOSI, 0x0000,  MISO, 0x0FFF
1.065602292,SPI,MOSI, 0x2AD4,  MISO, 0xFFFF
1.065620833,SPI,MOSI, 0x0000,  MISO, 0x0FFF
1.065660417,SPI,MOSI, 0x2AD4,  MISO, 0xFFFF
1.065678958,SPI,MOSI, 0x0000,  MISO, 0x0FFF
1.065718542,SPI,MOSI, 0x2AD4,  MISO, 0xFFFF
1.065737083,SPI,MOSI, 0x0000,  MISO, 0x0FFF
1.065777542,SPI,MOSI, 0x0100,  MISO, 0xFFFF
1.065796042,SPI,MOSI, 0x2700,  MISO, 0xFFFF
1.065814958,SPI,MOSI, 0x0000,  MISO, 0xFFFF
1.065833792,SPI,MOSI, 0x0000,  MISO, 0xFFFF
1.065852583,SPI,MOSI, 0x0000,  MISO, 0xFFFF
1.065871375,SPI,MOSI, 0x0000,  MISO, 0xFFFF
1.065890125,SPI,MOSI, 0x0000,  MISO, 0xFFFF
1.065908917,SPI,MOSI, 0x0000,  MISO, 0xFFFF
1.065927667,SPI,MOSI, 0x0000,  MISO, 0xFFFF
1.065946458,SPI,MOSI, 0x0000,  MISO, 0xFFFF
1.065965208,SPI,MOSI, 0x0000,  MISO, 0xFFFF
1.065984,SPI,MOSI, 0x0000,  MISO, 0xFFFF
1.06600275,SPI,MOSI, 0x0000,  MISO, 0xFFFF
1.066021542,SPI,MOSI, 0x0000,  MISO, 0xFFFF
1.066040292,SPI,MOSI, 0x0000,  MISO, 0xFFFF
1.066059083,SPI,MOSI, 0x0000,  MISO, 0xFFFF
1.066077833,SPI,MOSI, 0x0000,  MISO, 0xFFFF
1.066096625,SPI,MOSI, 0x0000,  MISO, 0xFFFF
1.066115375,SPI,MOSI, 0x0000,  MISO, 0xFFFF
1.066134125,SPI,MOSI, 0x0000,  MISO, 0xFFFF
1.066152875,SPI,MOSI, 0x0000,  MISO, 0xFFFF
1.066171667,SPI,MOSI, 0x0000,  MISO, 0xFFFF
1.066190417,SPI,MOSI, 0x0000,  MISO, 0xFFFF
1.066209208,SPI,MOSI, 0x0000,  MISO, 0xFFFF
1.066228,SPI,MOSI, 0x0000,  MISO, 0xFFFF
1.06624675,SPI,MOSI, 0x0000,  MISO, 0xFFFF
1.066265542,SPI,MOSI, 0x0000,  MISO, 0xFFFF
1.066284292,SPI,MOSI, 0x0000,  MISO, 0xFFFF
1.066303083,SPI,MOSI, 0x0000,  MISO, 0xFFFF
1.066321833,SPI,MOSI, 0x0000,  MISO, 0xFFFF
1.066340708,SPI,MOSI, 0x0000,  MISO, 0xFFFF
1.066359458,SPI,MOSI, 0x0000,  MISO, 0xFFFF
1.06637825,SPI,MOSI, 0x0000,  MISO, 0xFFFF
1.066397,SPI,MOSI, 0x0000,  MISO, 0xFFFF
1.066415792,SPI,MOSI, 0x0000,  MISO, 0xFFFF
1.066434542,SPI,MOSI, 0x0000,  MISO, 0xFFFF
1.066453333,SPI,MOSI, 0x0000,  MISO, 0xFFFF
1.066472083,SPI,MOSI, 0x0000,  MISO, 0xFFFF
1.066490875,SPI,MOSI, 0x0000,  MISO, 0xFFFF
1.141517125,SPI,MOSI, 0x2AD4,  MISO, 0xFFFF
1.141535625,SPI,MOSI, 0x0000,  MISO, 0xFFFF
1.141575292,SPI,MOSI, 0x2AD4,  MISO, 0xFFFF
1.141593792,SPI,MOSI, 0x0000,  MISO, 0x3FFF
1.141633417,SPI,MOSI, 0x2AD4,  MISO, 0xFFFF
1.141651958,SPI,MOSI, 0x0000,  MISO, 0x0FFF
1.141691542,SPI,MOSI, 0x2AD4,  MISO, 0xFFFF
1.141710083,SPI,MOSI, 0x0000,  MISO, 0x0FFF
1.141749667,SPI,MOSI, 0x2AD4,  MISO, 0xFFFF
1.141768208,SPI,MOSI, 0x0000,  MISO, 0x0FFF
1.141808667,SPI,MOSI, 0x0100,  MISO, 0xFFFF
1.141827167,SPI,MOSI, 0x3300,  MISO, 0xFFFF
1.141846083,SPI,MOSI, 0x0000,  MISO, 0xFFFF
1.141864917,SPI,MOSI, 0x0000,  MISO, 0xFFFF
1.141883708,SPI,MOSI, 0x0000,  MISO, 0xFFFF
1.141902458,SPI,MOSI, 0x0000,  MISO, 0xFFFF
1.14192125,SPI,MOSI, 0x0000,  MISO, 0xFFFF
1.14194,SPI,MOSI, 0x0000,  MISO, 0xFFFF
1.141958792,SPI,MOSI, 0x0000,  MISO, 0xFFFF
1.141977583,SPI,MOSI, 0x0000,  MISO, 0xFFFF
1.141996333,SPI,MOSI, 0x0000,  MISO, 0xFFFF
1.142015125,SPI,MOSI, 0x0000,  MISO, 0xFFFF
1.142033875,SPI,MOSI, 0x0000,  MISO, 0xFFFF
1.142052667,SPI,MOSI, 0x0000,  MISO, 0xFFFF
1.142071417,SPI,MOSI, 0x0000,  MISO, 0xFFFF
1.142090208,SPI,MOSI, 0x0000,  MISO, 0xFFFF
1.142108958,SPI,MOSI, 0x0000,  MISO, 0xFFFF
1.14212775,SPI,MOSI, 0x0000,  MISO, 0xFFFF
1.142146458,SPI,MOSI, 0x0000,  MISO, 0xFFFF
1.14216525,SPI,MOSI, 0x0000,  MISO, 0xFFFF
1.142184,SPI,MOSI, 0x0000,  MISO, 0xFFFF
1.142202792,SPI,MOSI, 0x0000,  MISO, 0xFFFF
1.142221542,SPI,MOSI, 0x0000,  MISO, 0xFFFF
1.142240333,SPI,MOSI, 0x0000,  MISO, 0xFFFF
1.142259083,SPI,MOSI, 0x0000,  MISO, 0xFFFF
1.142277875,SPI,MOSI, 0x0000,  MISO, 0xFFFF
1.142296625,SPI,MOSI, 0x0000,  MISO, 0xFFFF
1.142315417,SPI,MOSI, 0x0000,  MISO, 0xFFFF
1.142334208,SPI,MOSI, 0x0000,  MISO, 0xFFFF
1.142353083,SPI,MOSI, 0x0000,  MISO, 0xFFFF
1.142371833,SPI,MOSI, 0x0000,  MISO, 0xFFFF
1.142390625,SPI,MOSI, 0x0000,  MISO, 0xFFFF
1.142409375,SPI,MOSI, 0x0000,  MISO, 0xFFFF
1.142428167,SPI,MOSI, 0x0000,  MISO, 0xFFFF
1.142446917,SPI,MOSI, 0x0000,  MISO, 0xFFFF
1.142465708,SPI,MOSI, 0x0000,  MISO, 0xFFFF
1.142484458,SPI,MOSI, 0x0000,  MISO, 0xFFFF
1.14250325,SPI,MOSI, 0x0000,  MISO, 0xFFFF
1.142522,SPI,MOSI, 0x0000,  MISO, 0xFFFF
1.217548333,SPI,MOSI, 0x2AD4,  MISO, 0xFFFF
1.217566833,SPI,MOSI, 0x0000,  MISO, 0xFFFF
1.2176065,SPI,MOSI, 0x2AD4,  MISO, 0xFFFF
1.217625,SPI,MOSI, 0x0000,  MISO, 0x3FFF
1.217664625,SPI,MOSI, 0x2AD4,  MISO, 0xFFFF
1.217683125,SPI,MOSI, 0x0000,  MISO, 0x0FFF
1.21772275,SPI,MOSI, 0x2AD4,  MISO, 0xFFFF
1.21774125,SPI,MOSI, 0x0000,  MISO, 0x0FFF
1.217780875,SPI,MOSI, 0x2AD4,  MISO, 0xFFFF
1.217799417,SPI,MOSI, 0x0000,  MISO, 0x0FFF
1.217839833,SPI,MOSI, 0x0000,  MISO, 0xFFFF
1.217858333,SPI,MOSI, 0x9400,  MISO, 0xFFFF
1.21787725,SPI,MOSI, 0x0000,  MISO, 0xFFFF
1.217896083,SPI,MOSI, 0x0000,  MISO, 0xFFFF
1.217914875,SPI,MOSI, 0x0000,  MISO, 0xFFFF
1.217933625,SPI,MOSI, 0x0000,  MISO, 0xFFFF
1.217952417,SPI,MOSI, 0x0000,  MISO, 0xFFFF
1.217971167,SPI,MOSI, 0x0000,  MISO, 0xFFFF
1.217989958,SPI,MOSI, 0x0000,  MISO, 0xFFFF
1.218008708,SPI,MOSI, 0x0000,  MISO, 0xFFFF
1.2180275,SPI,MOSI, 0x0000,  MISO, 0xFFFF
1.21804625,SPI,MOSI, 0x0000,  MISO, 0xFFFF
1.218065042,SPI,MOSI, 0x0000,  MISO, 0xFFFF
1.218083792,SPI,MOSI, 0x0000,  MISO, 0xFFFF
1.218102583,SPI,MOSI, 0x0000,  MISO, 0xFFFF
1.218121375,SPI,MOSI, 0x0000,  MISO, 0xFFFF
1.218140125,SPI,MOSI, 0x0000,  MISO, 0xFFFF
1.218158875,SPI,MOSI, 0x0000,  MISO, 0xFFFF
1.218177667,SPI,MOSI, 0x0000,  MISO, 0xFFFF
1.218196417,SPI,MOSI, 0x0000,  MISO, 0xFFFF
1.218215208,SPI,MOSI, 0x0000,  MISO, 0xFFFF
1.218233958,SPI,MOSI, 0x0000,  MISO, 0xFFFF
1.21825275,SPI,MOSI, 0x0000,  MISO, 0xFFFF
1.2182715,SPI,MOSI, 0x0000,  MISO, 0xFFFF
1.218290292,SPI,MOSI, 0x0000,  MISO, 0xFFFF
1.218309042,SPI,MOSI, 0x0000,  MISO, 0xFFFF
1.218327833,SPI,MOSI, 0x0000,  MISO, 0xFFFF
1.218348375,SPI,MOSI, 0x0000,  MISO, 0xFFFF
1.218367208,SPI,MOSI, 0x0000,  MISO, 0xFFFF
1.218385958,SPI,MOSI, 0x0000,  MISO, 0xFFFF
1.21840475,SPI,MOSI, 0x0000,  MISO, 0xFFFF
1.2184235,SPI,MOSI, 0x0000,  MISO, 0xFFFF
1.218442292,SPI,MOSI, 0x0000,  MISO, 0xFFFF
1.218461083,SPI,MOSI, 0x0000,  MISO, 0xFFFF
1.218479833,SPI,MOSI, 0x0000,  MISO, 0xFFFF
1.218498625,SPI,MOSI, 0x0000,  MISO, 0xFFFF
1.218517375,SPI,MOSI, 0x0000,  MISO, 0xFFFF
1.218536167,SPI,MOSI, 0x0000,  MISO, 0xFFFF
1.218554917,SPI,MOSI, 0x0000,  MISO, 0xFFFF
1.293582875,SPI,MOSI, 0x2BFB,  MISO, 0xFFFF
1.293622875,SPI,MOSI, 0x2BFB,  MISO, 0xFFFF
1.293663292,SPI,MOSI, 0x0100,  MISO, 0xFFFF
1.293681792,SPI,MOSI, 0xDA00,  MISO, 0xFFFF
1.293700708,SPI,MOSI, 0x0000,  MISO, 0xFFFF
1.293719583,SPI,MOSI, 0x0000,  MISO, 0xFFFF
1.293738333,SPI,MOSI, 0x0000,  MISO, 0xFFFF
1.293757125,SPI,MOSI, 0x0000,  MISO, 0xFFFF
1.293775875,SPI,MOSI, 0x0000,  MISO, 0xFFFF
1.293794667,SPI,MOSI, 0x0000,  MISO, 0xFFFF
1.293813417,SPI,MOSI, 0x0000,  MISO, 0xFFFF
1.293832208,SPI,MOSI, 0x0000,  MISO, 0xFFFF
1.293850958,SPI,MOSI, 0x0000,  MISO, 0xFFFF
1.29386975,SPI,MOSI, 0x0000,  MISO, 0xFFFF
1.293888542,SPI,MOSI, 0x0000,  MISO, 0xFFFF
1.293907292,SPI,MOSI, 0x0000,  MISO, 0xFFFF
1.293926083,SPI,MOSI, 0x0000,  MISO, 0xFFFF
1.293944833,SPI,MOSI, 0x0000,  MISO, 0xFFFF
1.293963625,SPI,MOSI, 0x0000,  MISO, 0xFFFF
1.293982375,SPI,MOSI, 0x0000,  MISO, 0xFFFF
1.294001167,SPI,MOSI, 0x0000,  MISO, 0xFFFF
1.294019917,SPI,MOSI, 0x0000,  MISO, 0xFFFF
1.294038708,SPI,MOSI, 0x0000,  MISO, 0xFFFF
1.294057458,SPI,MOSI, 0x0000,  MISO, 0xFFFF
1.29407625,SPI,MOSI, 0x0000,  MISO, 0xFFFF
1.294095,SPI,MOSI, 0x0000,  MISO, 0xFFFF
1.294113792,SPI,MOSI, 0x0000,  MISO, 0xFFFF
1.294132542,SPI,MOSI, 0x0000,  MISO, 0xFFFF
1.294151292,SPI,MOSI, 0x0000,  MISO, 0xFFFF
1.294170042,SPI,MOSI, 0x0000,  MISO, 0xFFFF
1.294188833,SPI,MOSI, 0x0000,  MISO, 0xFFFF
1.294207583,SPI,MOSI, 0x0000,  MISO, 0xFFFF
1.294226375,SPI,MOSI, 0x0000,  MISO, 0xFFFF
1.294245167,SPI,MOSI, 0x0000,  MISO, 0xFFFF
1.294263917,SPI,MOSI, 0x0000,  MISO, 0xFFFF
1.294282708,SPI,MOSI, 0x0000,  MISO, 0xFFFF
1.294301458,SPI,MOSI, 0x0000,  MISO, 0xFFFF
1.29432025,SPI,MOSI, 0x0000,  MISO, 0xFFFF
1.294339,SPI,MOSI, 0x0000,  MISO, 0xFFFF
1.294357833,SPI,MOSI, 0x0000,  MISO, 0xFFFF
1.294376625,SPI,MOSI, 0x0000,  MISO, 0xFFFF
1.3694045,SPI,MOSI, 0x2AD4,  MISO, 0xFFFF
1.369423042,SPI,MOSI, 0x0000,  MISO, 0xFFFF
1.369462667,SPI,MOSI, 0x2AD4,  MISO, 0xFFFF
1.369481208,SPI,MOSI, 0x0000,  MISO, 0x3FFF
1.369520792,SPI,MOSI, 0x2AD4,  MISO, 0xFFFF
1.369539333,SPI,MOSI, 0x0000,  MISO, 0x0FFF
1.369578917,SPI,MOSI, 0x2AD4,  MISO, 0xFFFF
1.369597458,SPI,MOSI, 0x0000,  MISO, 0x0FFF
1.369637083,SPI,MOSI, 0x2AD4,  MISO, 0xFFFF
1.369655583,SPI,MOSI, 0x0000,  MISO, 0x0FFF
1.369696,SPI,MOSI, 0x4700,  MISO, 0xFFFF
1.369714542,SPI,MOSI, 0x7000,  MISO, 0xFF00
1.369733417,SPI,MOSI, 0x0000,  MISO, 0xBB9E
1.369758583,SPI,MOSI, 0x0000,  MISO, 0x0F00
1.369783375,SPI,MOSI, 0x0000,  MISO, 0x5C9F
1.369808417,SPI,MOSI, 0x0000,  MISO, 0x2248
1.369833458,SPI,MOSI, 0x0000,  MISO, 0x0010
1.369858042,SPI,MOSI, 0x0000,  MISO, 0xA090
1.369883083,SPI,MOSI, 0x0000,  MISO, 0x9F84
1.369908125,SPI,MOSI, 0x0000,  MISO, 0x9F33
1.369933167,SPI,MOSI, 0x0000,  MISO, 0x38FF
1.369958208,SPI,MOSI, 0x0000,  MISO, 0xFFFF
1.369977,SPI,MOSI, 0x0000,  MISO, 0xFFFF
1.369995792,SPI,MOSI, 0x0000,  MISO, 0xFFFF
1.370014542,SPI,MOSI, 0x0000,  MISO, 0xFFFF
1.370033333,SPI,MOSI, 0x0000,  MISO, 0xFFFF
1.370052083,SPI,MOSI, 0x0000,  MISO, 0xFFFF
1.370070875,SPI,MOSI, 0x0000,  MISO, 0xFFFF
1.370089625,SPI,MOSI, 0x0000,  MISO, 0xFFFF
1.370108417,SPI,MOSI, 0x0000,  MISO, 0xFFFF
1.370127167,SPI,MOSI, 0x0000,  MISO, 0xFFFF
1.370145958,SPI,MOSI, 0x0000,  MISO, 0xFFFF
1.370164667,SPI,MOSI, 0x0000,  MISO, 0xFFFF
1.370183458,SPI,MOSI, 0x0000,  MISO, 0xFFFF
1.370202208,SPI,MOSI, 0x0000,  MISO, 0xFFFF
1.370221,SPI,MOSI, 0x0000,  MISO, 0xFFFF
1.37023975,SPI,MOSI, 0x0000,  MISO, 0xFFFF
1.370258542,SPI,MOSI, 0x0000,  MISO, 0xFFFF
1.370277292,SPI,MOSI, 0x0000,  MISO, 0xFFFF
1.370296083,SPI,MOSI, 0x0000,  MISO, 0xFFFF
1.370314833,SPI,MOSI, 0x0000,  MISO, 0xFFFF
1.370333625,SPI,MOSI, 0x0000,  MISO, 0xFFFF
1.370352417,SPI,MOSI, 0x0000,  MISO, 0xFFFF
1.370371292,SPI,MOSI, 0x0000,  MISO, 0xFFFF
1.370390083,SPI,MOSI, 0x0000,  MISO, 0xFFFF
1.370408833,SPI,MOSI, 0x0000,  MISO, 0xFFFF
1.370427625,SPI,MOSI, 0x0000,  MISO, 0xFFFF
1.370446375,SPI,MOSI, 0x0000,  MISO, 0xFFFF
1.370465167,SPI,MOSI, 0x0000,  MISO, 0xFFFF
1.4455125,SPI,MOSI, 0x2AD4,  MISO, 0xFFFF
1.445531042,SPI,MOSI, 0x0000,  MISO, 0xFFFF
1.445570667,SPI,MOSI, 0x2AD4,  MISO, 0xFFFF
1.445589208,SPI,MOSI, 0x0000,  MISO, 0x3FFF
1.445628792,SPI,MOSI, 0x2AD4,  MISO, 0xFFFF
1.445647333,SPI,MOSI, 0x0000,  MISO, 0x0FFF
1.445686917,SPI,MOSI, 0x2AD4,  MISO, 0xFFFF
1.445705458,SPI,MOSI, 0x0000,  MISO, 0x0FFF
1.445745083,SPI,MOSI, 0x2AD4,  MISO, 0xFFFF
1.445763583,SPI,MOSI, 0x0000,  MISO, 0x0FFF
1.445803958,SPI,MOSI, 0x4800,  MISO, 0xFFFF
1.4458225,SPI,MOSI, 0x3400,  MISO, 0xFF00
1.445841375,SPI,MOSI, 0x0000,  MISO, 0xC19F
1.445866542,SPI,MOSI, 0x0000,  MISO, 0x579F
1.445891583,SPI,MOSI, 0x0000,  MISO, 0x709F
1.445916625,SPI,MOSI, 0x0000,  MISO, 0x3667
1.445941667,SPI,MOSI, 0x0000,  MISO, 0x00A2
1.44596625,SPI,MOSI, 0x0000,  MISO, 0x9F80
1.445991292,SPI,MOSI, 0x0000,  MISO, 0x9F95
1.446016333,SPI,MOSI, 0x0000,  MISO, 0x9F22
1.446041375,SPI,MOSI, 0x0000,  MISO, 0x5DFF
1.446066417,SPI,MOSI, 0x0000,  MISO, 0xFFFF
1.446085208,SPI,MOSI, 0x0000,  MISO, 0xFFFF
1.446104,SPI,MOSI, 0x0000,  MISO, 0xFFFF
1.44612275,SPI,MOSI, 0x0000,  MISO, 0xFFFF
1.446141542,SPI,MOSI, 0x0000,  MISO, 0xFFFF
1.44616025,SPI,MOSI, 0x0000,  MISO, 0xFFFF
1.446179042,SPI,MOSI, 0x0000,  MISO, 0xFFFF
1.446197792,SPI,MOSI, 0x0000,  MISO, 0xFFFF
1.446216583,SPI,MOSI, 0x0000,  MISO, 0xFFFF
1.446235333,SPI,MOSI, 0x0000,  MISO, 0xFFFF
1.446254125,SPI,MOSI, 0x0000,  MISO, 0xFFFF
1.446272875,SPI,MOSI, 0x0000,  MISO, 0xFFFF
1.446291667,SPI,MOSI, 0x0000,  MISO, 0xFFFF
1.446310417,SPI,MOSI, 0x0000,  MISO, 0xFFFF
1.446329208,SPI,MOSI, 0x0000,  MISO, 0xFFFF
1.446347958,SPI,MOSI, 0x0000,  MISO, 0xFFFF
1.446366833,SPI,MOSI, 0x0000,  MISO, 0xFFFF
1.446385583,SPI,MOSI, 0x0000,  MISO, 0xFFFF
1.446404375,SPI,MOSI, 0x0000,  MISO, 0xFFFF
1.446423125,SPI,MOSI, 0x0000,  MISO, 0xFFFF
1.446441917,SPI,MOSI, 0x0000,  MISO, 0xFFFF
1.446460708,SPI,MOSI, 0x0000,  MISO, 0xFFFF
1.446479458,SPI,MOSI, 0x0000,  MISO, 0xFFFF
1.44649825,SPI,MOSI, 0x0000,  MISO, 0xFFFF
1.446517,SPI,MOSI, 0x0000,  MISO, 0xFFFF
1.446535792,SPI,MOSI, 0x0000,  MISO, 0xFFFF
1.446554542,SPI,MOSI, 0x0000,  MISO, 0xFFFF
1.446573333,SPI,MOSI, 0x0000,  MISO, 0xFFFF
1.521690333,SPI,MOSI, 0x2AD4,  MISO, 0xFFFF
1.521708875,SPI,MOSI, 0x0000,  MISO, 0xFFFF
1.5217485,SPI,MOSI, 0x2AD4,  MISO, 0xFFFF
1.521767042,SPI,MOSI, 0x0000,  MISO, 0x3FFF
1.521806625,SPI,MOSI, 0x2AD4,  MISO, 0xFFFF
1.521825167,SPI,MOSI, 0x0000,  MISO, 0x0FFF
1.521864792,SPI,MOSI, 0x2AD4,  MISO, 0xFFFF
1.521883292,SPI,MOSI, 0x0000,  MISO, 0x0FFF
1.521922917,SPI,MOSI, 0x2AD4,  MISO, 0xFFFF
1.521941417,SPI,MOSI, 0x0000,  MISO, 0x0FFF
1.521981917,SPI,MOSI, 0x4900,  MISO, 0xFFFF
1.522000458,SPI,MOSI, 0xDD00,  MISO, 0xFF00
1.522019333,SPI,MOSI, 0x0000,  MISO, 0x599F
1.5220445,SPI,MOSI, 0x0000,  MISO, 0x699F
1.522069542,SPI,MOSI, 0x0000,  MISO, 0x739F
1.522094583,SPI,MOSI, 0x0000,  MISO, 0x1B45
1.522119625,SPI,MOSI, 0x0000,  MISO, 0x0088
1.522144208,SPI,MOSI, 0x0000,  MISO, 0x9F81
1.522169208,SPI,MOSI, 0x0000,  MISO, 0x9F8B
1.52219425,SPI,MOSI, 0x0000,  MISO, 0x9F25
1.522219292,SPI,MOSI, 0x0000,  MISO, 0x0DFF
1.522244125,SPI,MOSI, 0x0000,  MISO, 0xFFFF
1.522262875,SPI,MOSI, 0x0000,  MISO, 0xFFFF
1.522281667,SPI,MOSI, 0x0000,  MISO, 0xFFFF
1.522300417,SPI,MOSI, 0x0000,  MISO, 0xFFFF
1.522319208,SPI,MOSI, 0x0000,  MISO, 0xFFFF
1.522337958,SPI,MOSI, 0x0000,  MISO, 0xFFFF
1.52235675,SPI,MOSI, 0x0000,  MISO, 0xFFFF
1.522375583,SPI,MOSI, 0x0000,  MISO, 0xFFFF
1.522394333,SPI,MOSI, 0x0000,  MISO, 0xFFFF
1.522413125,SPI,MOSI, 0x0000,  MISO, 0xFFFF
1.522431875,SPI,MOSI, 0x0000,  MISO, 0xFFFF
1.522450667,SPI,MOSI, 0x0000,  MISO, 0xFFFF
1.522469417,SPI,MOSI, 0x0000,  MISO, 0xFFFF
1.522488208,SPI,MOSI, 0x0000,  MISO, 0xFFFF
1.522506958,SPI,MOSI, 0x0000,  MISO, 0xFFFF
1.52252575,SPI,MOSI, 0x0000,  MISO, 0xFFFF
1.5225445,SPI,MOSI, 0x0000,  MISO, 0xFFFF
1.522563292,SPI,MOSI, 0x0000,  MISO, 0xFFFF
1.522582083,SPI,MOSI, 0x0000,  MISO, 0xFFFF
1.522600833,SPI,MOSI, 0x0000,  MISO, 0xFFFF
1.522619625,SPI,MOSI, 0x0000,  MISO, 0xFFFF
1.522638375,SPI,MOSI, 0x0000,  MISO, 0xFFFF
1.522657167,SPI,MOSI, 0x0000,  MISO, 0xFFFF
1.522675917,SPI,MOSI, 0x0000,  MISO, 0xFFFF
1.522694708,SPI,MOSI, 0x0000,  MISO, 0xFFFF
1.522713458,SPI,MOSI, 0x0000,  MISO, 0xFFFF
1.52273225,SPI,MOSI, 0x0000,  MISO, 0xFFFF
1.522751,SPI,MOSI, 0x0000,  MISO, 0xFFFF
1.597868458,SPI,MOSI, 0x2AD4,  MISO, 0xFFFF
1.597887,SPI,MOSI, 0x0000,  MISO, 0xFFFF
1.597926625,SPI,MOSI, 0x2AD4,  MISO, 0xFFFF
1.597945167,SPI,MOSI, 0x0000,  MISO, 0x3FFF
1.597984792,SPI,MOSI, 0x2AD4,  MISO, 0xFFFF
1.598003292,SPI,MOSI, 0x0000,  MISO, 0x0FFF
1.598042917,SPI,MOSI, 0x2AD4,  MISO, 0xFFFF
1.598061417,SPI,MOSI, 0x0000,  MISO, 0x0FFF
1.598101042,SPI,MOSI, 0x2AD4,  MISO, 0xFFFF
1.598119542,SPI,MOSI, 0x0000,  MISO, 0x0FFF
1.598159917,SPI,MOSI, 0x4A00,  MISO, 0xFFFF
1.598178417,SPI,MOSI, 0xC900,  MISO, 0xFF00
1.598197292,SPI,MOSI, 0x0000,  MISO, 0x9B9F
1.598222458,SPI,MOSI, 0x0000,  MISO, 0x699F
1.5982475,SPI,MOSI, 0x0000,  MISO, 0xAA9F
1.598272542,SPI,MOSI, 0x0000,  MISO, 0x221F
1.598297583,SPI,MOSI, 0x0000,  MISO, 0x004D
1.598322167,SPI,MOSI, 0x0000,  MISO, 0x9F91
1.59834725,SPI,MOSI, 0x0000,  MISO, 0x9F95
1.598373958,SPI,MOSI, 0x0000,  MISO, 0x9F2E
1.598399,SPI,MOSI, 0x0000,  MISO, 0x8DFF
1.598424042,SPI,MOSI, 0x0000,  MISO, 0xFFFF
1.598442792,SPI,MOSI, 0x0000,  MISO, 0xFFFF
1.598461583,SPI,MOSI, 0x0000,  MISO, 0xFFFF
1.598480333,SPI,MOSI, 0x0000,  MISO, 0xFFFF
1.598499125,SPI,MOSI, 0x0000,  MISO, 0xFFFF
1.598517875,SPI,MOSI, 0x0000,  MISO, 0xFFFF
1.598536667,SPI,MOSI, 0x0000,  MISO, 0xFFFF
1.598555417,SPI,MOSI, 0x0000,  MISO, 0xFFFF
1.598574208,SPI,MOSI, 0x0000,  MISO, 0xFFFF
1.598592958,SPI,MOSI, 0x0000,  MISO, 0xFFFF
1.59861175,SPI,MOSI, 0x0000,  MISO, 0xFFFF
1.5986305,SPI,MOSI, 0x0000,  MISO, 0xFFFF
1.598649292,SPI,MOSI, 0x0000,  MISO, 0xFFFF
1.598668042,SPI,MOSI, 0x0000,  MISO, 0xFFFF
1.598686833,SPI,MOSI, 0x0000,  MISO, 0xFFFF
1.598705625,SPI,MOSI, 0x0000,  MISO, 0xFFFF
1.598724375,SPI,MOSI, 0x0000,  MISO, 0xFFFF
1.598743167,SPI,MOSI, 0x0000,  MISO, 0xFFFF
1.598761917,SPI,MOSI, 0x0000,  MISO, 0xFFFF
1.598780708,SPI,MOSI, 0x0000,  MISO, 0xFFFF
1.598799458,SPI,MOSI, 0x0000,  MISO, 0xFFFF
1.59881825,SPI,MOSI, 0x0000,  MISO, 0xFFFF
1.598837,SPI,MOSI, 0x0000,  MISO, 0xFFFF
1.598855792,SPI,MOSI, 0x0000,  MISO, 0xFFFF
1.598874542,SPI,MOSI, 0x0000,  MISO, 0xFFFF
1.598893333,SPI,MOSI, 0x0000,  MISO, 0xFFFF
1.598912083,SPI,MOSI, 0x0000,  MISO, 0xFFFF
1.598930875,SPI,MOSI, 0x0000,  MISO, 0xFFFF
1.67404675,SPI,MOSI, 0x2AD4,  MISO, 0xFFFF
1.674065292,SPI,MOSI, 0x0000,  MISO, 0xFFFF
1.674104958,SPI,MOSI, 0x2AD4,  MISO, 0xFFFF
1.674123458,SPI,MOSI, 0x0000,  MISO, 0x3FFF
1.674163083,SPI,MOSI, 0x2AD4,  MISO, 0xFFFF
1.674181583,SPI,MOSI, 0x0000,  MISO, 0x0FFF
1.6742215,SPI,MOSI, 0x2AD4,  MISO, 0xFFFF
1.67424,SPI,MOSI, 0x0000,  MISO, 0x0FFF
1.674279625,SPI,MOSI, 0x2AD4,  MISO, 0xFFFF
1.674298125,SPI,MOSI, 0x0000,  MISO, 0x0FFF
1.6743385,SPI,MOSI, 0x4B00,  MISO, 0xFFFF
1.674357042,SPI,MOSI, 0x2000,  MISO, 0xFF00
1.674375917,SPI,MOSI, 0x0000,  MISO, 0xF99E
1.674401,SPI,MOSI, 0x0000,  MISO, 0x0000
1.674425167,SPI,MOSI, 0x0000,  MISO, 0x0100
1.67445,SPI,MOSI, 0x0000,  MISO, 0x1865
1.674475042,SPI,MOSI, 0x0000,  MISO, 0x0000
1.674499208,SPI,MOSI, 0x0000,  MISO, 0x0002
1.674523583,SPI,MOSI, 0x0000,  MISO, 0x0002
1.674547958,SPI,MOSI, 0x0000,  MISO, 0x0024
1.674572542,SPI,MOSI, 0x0000,  MISO, 0xA2FF
1.674597583,SPI,MOSI, 0x0000,  MISO, 0xFFFF
1.674616333,SPI,MOSI, 0x0000,  MISO, 0xFFFF
1.674635125,SPI,MOSI, 0x0000,  MISO, 0xFFFF
1.674653875,SPI,MOSI, 0x0000,  MISO, 0xFFFF
1.674672667,SPI,MOSI, 0x0000,  MISO, 0xFFFF
1.674691417,SPI,MOSI, 0x0000,  MISO, 0xFFFF
1.674710208,SPI,MOSI, 0x0000,  MISO, 0xFFFF
1.674728958,SPI,MOSI, 0x0000,  MISO, 0xFFFF
1.67474775,SPI,MOSI, 0x0000,  MISO, 0xFFFF
1.6747665,SPI,MOSI, 0x0000,  MISO, 0xFFFF
1.674785292,SPI,MOSI, 0x0000,  MISO, 0xFFFF
1.674804042,SPI,MOSI, 0x0000,  MISO, 0xFFFF
1.674822833,SPI,MOSI, 0x0000,  MISO, 0xFFFF
1.674841625,SPI,MOSI, 0x0000,  MISO, 0xFFFF
1.674860375,SPI,MOSI, 0x0000,  MISO, 0xFFFF
1.674879167,SPI,MOSI, 0x0000,  MISO, 0xFFFF
1.674897917,SPI,MOSI, 0x0000,  MISO, 0xFFFF
1.674916708,SPI,MOSI, 0x0000,  MISO, 0xFFFF
1.674935458,SPI,MOSI, 0x0000,  MISO, 0xFFFF
1.67495425,SPI,MOSI, 0x0000,  MISO, 0xFFFF
1.674973,SPI,MOSI, 0x0000,  MISO, 0xFFFF
1.674991792,SPI,MOSI, 0x0000,  MISO, 0xFFFF
1.675010542,SPI,MOSI, 0x0000,  MISO, 0xFFFF
1.675029333,SPI,MOSI, 0x0000,  MISO, 0xFFFF
1.675048083,SPI,MOSI, 0x0000,  MISO, 0xFFFF
1.675066875,SPI,MOSI, 0x0000,  MISO, 0xFFFF
1.675085625,SPI,MOSI, 0x0000,  MISO, 0xFFFF
1.675104417,SPI,MOSI, 0x0000,  MISO, 0xFFFF
1.7502145,SPI,MOSI, 0x2AD4,  MISO, 0xFFFF
1.750233,SPI,MOSI, 0x0000,  MISO, 0xFFFF
1.750272667,SPI,MOSI, 0x2AD4,  MISO, 0xFFFF
1.750291167,SPI,MOSI, 0x0000,  MISO, 0x3FFF
1.750330792,SPI,MOSI, 0x2AD4,  MISO, 0xFFFF
1.750349292,SPI,MOSI, 0x0000,  MISO, 0x0FFF
1.750390958,SPI,MOSI, 0x2AD4,  MISO, 0xFFFF
1.750409458,SPI,MOSI, 0x0000,  MISO, 0x0FFF
1.750449083,SPI,MOSI, 0x2AD4,  MISO, 0xFFFF
1.750467583,SPI,MOSI, 0x0000,  MISO, 0x0FFF
1.750508125,SPI,MOSI, 0x4C00,  MISO, 0xFFFF
1.750526667,SPI,MOSI, 0xE100,  MISO, 0xFF00
1.750545542,SPI,MOSI, 0x0000,  MISO, 0x0200
1.7505705,SPI,MOSI, 0x0000,  MISO, 0x5077
1.750595542,SPI,MOSI, 0x0000,  MISO, 0x0F33
1.750620333,SPI,MOSI, 0x0000,  MISO, 0x0002
1.750644708,SPI,MOSI, 0x0000,  MISO, 0x0090
1.750669292,SPI,MOSI, 0x0000,  MISO, 0x7730
1.750694333,SPI,MOSI, 0x0000,  MISO, 0x78FF
1.750719375,SPI,MOSI, 0x0000,  MISO, 0xFFFF
1.750738125,SPI,MOSI, 0x0000,  MISO, 0xFFFF
1.750756917,SPI,MOSI, 0x0000,  MISO, 0xFFFF
1.750775667,SPI,MOSI, 0x0000,  MISO, 0xFFFF
1.750794458,SPI,MOSI, 0x0000,  MISO, 0xFFFF
1.750813208,SPI,MOSI, 0x0000,  MISO, 0xFFFF
1.750832,SPI,MOSI, 0x0000,  MISO, 0xFFFF
1.75085075,SPI,MOSI, 0x0000,  MISO, 0xFFFF
1.750869542,SPI,MOSI, 0x0000,  MISO, 0xFFFF
1.750888292,SPI,MOSI, 0x0000,  MISO, 0xFFFF
1.750907083,SPI,MOSI, 0x0000,  MISO, 0xFFFF
1.750925833,SPI,MOSI, 0x0000,  MISO, 0xFFFF
1.750944625,SPI,MOSI, 0x0000,  MISO, 0xFFFF
1.750963417,SPI,MOSI, 0x0000,  MISO, 0xFFFF
1.750982167,SPI,MOSI, 0x0000,  MISO, 0xFFFF
1.751000958,SPI,MOSI, 0x0000,  MISO, 0xFFFF
1.751019708,SPI,MOSI, 0x0000,  MISO, 0xFFFF
1.7510385,SPI,MOSI, 0x0000,  MISO, 0xFFFF
1.75105725,SPI,MOSI, 0x0000,  MISO, 0xFFFF
1.751076042,SPI,MOSI, 0x0000,  MISO, 0xFFFF
1.751094792,SPI,MOSI, 0x0000,  MISO, 0xFFFF
1.751113583,SPI,MOSI, 0x0000,  MISO, 0xFFFF
1.751132333,SPI,MOSI, 0x0000,  MISO, 0xFFFF
1.751151125,SPI,MOSI, 0x0000,  MISO, 0xFFFF
1.751170833,SPI,MOSI, 0x0000,  MISO, 0xFFFF
1.751189625,SPI,MOSI, 0x0000,  MISO, 0xFFFF
1.751208375,SPI,MOSI, 0x0000,  MISO, 0xFFFF
1.751227167,SPI,MOSI, 0x0000,  MISO, 0xFFFF
1.751245917,SPI,MOSI, 0x0000,  MISO, 0xFFFF
1.751264708,SPI,MOSI, 0x0000,  MISO, 0xFFFF
1.826529,SPI,MOSI, 0x2AD4,  MISO, 0xFFFF
1.8265475,SPI,MOSI, 0x0000,  MISO, 0xFFFF
1.826587167,SPI,MOSI, 0x2AD4,  MISO, 0xFFFF
1.826605667,SPI,MOSI, 0x0000,  MISO, 0x3FFF
1.826645292,SPI,MOSI, 0x2AD4,  MISO, 0xFFFF
1.826663792,SPI,MOSI, 0x0000,  MISO, 0x0FFF
1.826703417,SPI,MOSI, 0x2AD4,  MISO, 0xFFFF
1.826721958,SPI,MOSI, 0x0000,  MISO, 0x0FFF
1.826761542,SPI,MOSI, 0x2AD4,  MISO, 0xFFFF
1.826780083,SPI,MOSI, 0x0000,  MISO, 0x0FFF
1.826820458,SPI,MOSI, 0x2AD4,  MISO, 0xFFFF
1.826839,SPI,MOSI, 0x0000,  MISO, 0x0FFF
1.826878625,SPI,MOSI, 0x2AD4,  MISO, 0xFFFF
1.826897167,SPI,MOSI, 0x0000,  MISO, 0x0FFF
1.82693675,SPI,MOSI, 0x2AD4,  MISO, 0xFFFF
1.826955292,SPI,MOSI, 0x0000,  MISO, 0x0FFF
1.826994875,SPI,MOSI, 0x2AD4,  MISO, 0xFFFF
1.827013417,SPI,MOSI, 0x0000,  MISO, 0x0FFF
1.827053042,SPI,MOSI, 0x2AD4,  MISO, 0xFFFF
1.827071542,SPI,MOSI, 0x0000,  MISO, 0x0FFF
1.827112,SPI,MOSI, 0x0100,  MISO, 0xFFFF
1.827130542,SPI,MOSI, 0x2700,  MISO, 0xFFFF
1.827149417,SPI,MOSI, 0x0000,  MISO, 0xFFFF
1.827168292,SPI,MOSI, 0x0000,  MISO, 0xFFFF
1.827187042,SPI,MOSI, 0x0000,  MISO, 0xFFFF
1.827205792,SPI,MOSI, 0x0000,  MISO, 0xFFFF
1.827224583,SPI,MOSI, 0x0000,  MISO, 0xFFFF
1.827243333,SPI,MOSI, 0x0000,  MISO, 0xFFFF
1.827262125,SPI,MOSI, 0x0000,  MISO, 0xFFFF
1.827280875,SPI,MOSI, 0x0000,  MISO, 0xFFFF
1.827299667,SPI,MOSI, 0x0000,  MISO, 0xFFFF
1.827318417,SPI,MOSI, 0x0000,  MISO, 0xFFFF
1.827337208,SPI,MOSI, 0x0000,  MISO, 0xFFFF
1.827355958,SPI,MOSI, 0x0000,  MISO, 0xFFFF
1.82737475,SPI,MOSI, 0x0000,  MISO, 0xFFFF
1.827393583,SPI,MOSI, 0x0000,  MISO, 0xFFFF
1.827412375,SPI,MOSI, 0x0000,  MISO, 0xFFFF
1.827431167,SPI,MOSI, 0x0000,  MISO, 0xFFFF
1.827449917,SPI,MOSI, 0x0000,  MISO, 0xFFFF
1.827468708,SPI,MOSI, 0x0000,  MISO, 0xFFFF
1.827487458,SPI,MOSI, 0x0000,  MISO, 0xFFFF
1.82750625,SPI,MOSI, 0x0000,  MISO, 0xFFFF
1.827525,SPI,MOSI, 0x0000,  MISO, 0xFFFF
1.827543792,SPI,MOSI, 0x0000,  MISO, 0xFFFF
1.827562542,SPI,MOSI, 0x0000,  MISO, 0xFFFF
1.827581333,SPI,MOSI, 0x0000,  MISO, 0xFFFF
1.827600083,SPI,MOSI, 0x0000,  MISO, 0xFFFF
1.827618875,SPI,MOSI, 0x0000,  MISO, 0xFFFF
1.827637625,SPI,MOSI, 0x0000,  MISO, 0xFFFF
1.827656417,SPI,MOSI, 0x0000,  MISO, 0xFFFF
1.827675167,SPI,MOSI, 0x0000,  MISO, 0xFFFF
1.827693958,SPI,MOSI, 0x0000,  MISO, 0xFFFF
1.827712708,SPI,MOSI, 0x0000,  MISO, 0xFFFF
1.8277315,SPI,MOSI, 0x0000,  MISO, 0xFFFF
1.82775025,SPI,MOSI, 0x0000,  MISO, 0xFFFF
1.827769042,SPI,MOSI, 0x0000,  MISO, 0xFFFF
1.827787833,SPI,MOSI, 0x0000,  MISO, 0xFFFF
1.827806583,SPI,MOSI, 0x0000,  MISO, 0xFFFF
1.827825375,SPI,MOSI, 0x0000,  MISO, 0xFFFF
1.902852083,SPI,MOSI, 0x2AD4,  MISO, 0xFFFF
1.902870625,SPI,MOSI, 0x0000,  MISO, 0xFFFF
1.90291025,SPI,MOSI, 0x2AD4,  MISO, 0xFFFF
1.902928792,SPI,MOSI, 0x0000,  MISO, 0x3FFF
1.902968375,SPI,MOSI, 0x2AD4,  MISO, 0xFFFF
1.902986917,SPI,MOSI, 0x0000,  MISO, 0x0FFF
1.9030265,SPI,MOSI, 0x2AD4,  MISO, 0xFFFF
1.903045042,SPI,MOSI, 0x0000,  MISO, 0x0FFF
1.903084625,SPI,MOSI, 0x2AD4,  MISO, 0xFFFF
1.903103167,SPI,MOSI, 0x0000,  MISO, 0x0FFF
1.903143625,SPI,MOSI, 0x0100,  MISO, 0xFFFF
1.903162167,SPI,MOSI, 0x3300,  MISO, 0xFFFF
1.903181,SPI,MOSI, 0x0000,  MISO, 0xFFFF
1.903199875,SPI,MOSI, 0x0000,  MISO, 0xFFFF
1.903218625,SPI,MOSI, 0x0000,  MISO, 0xFFFF
1.903237417,SPI,MOSI, 0x0000,  MISO, 0xFFFF
1.903256167,SPI,MOSI, 0x0000,  MISO, 0xFFFF
1.903274958,SPI,MOSI, 0x0000,  MISO, 0xFFFF
1.903293708,SPI,MOSI, 0x0000,  MISO, 0xFFFF
1.9033125,SPI,MOSI, 0x0000,  MISO, 0xFFFF
1.90333125,SPI,MOSI, 0x0000,  MISO, 0xFFFF
1.903350042,SPI,MOSI, 0x0000,  MISO, 0xFFFF
1.903368792,SPI,MOSI, 0x0000,  MISO, 0xFFFF
1.903387583,SPI,MOSI, 0x0000,  MISO, 0xFFFF
1.903406417,SPI,MOSI, 0x0000,  MISO, 0xFFFF
1.903425208,SPI,MOSI, 0x0000,  MISO, 0xFFFF
1.903443958,SPI,MOSI, 0x0000,  MISO, 0xFFFF
1.90346275,SPI,MOSI, 0x0000,  MISO, 0xFFFF
1.9034815,SPI,MOSI, 0x0000,  MISO, 0xFFFF
1.903500292,SPI,MOSI, 0x0000,  MISO, 0xFFFF
1.903519042,SPI,MOSI, 0x0000,  MISO, 0xFFFF
1.903537833,SPI,MOSI, 0x0000,  MISO, 0xFFFF
1.903556625,SPI,MOSI, 0x0000,  MISO, 0xFFFF
1.903575375,SPI,MOSI, 0x0000,  MISO, 0xFFFF
1.903594167,SPI,MOSI, 0x0000,  MISO, 0xFFFF
1.903612917,SPI,MOSI, 0x0000,  MISO, 0xFFFF
1.903631708,SPI,MOSI, 0x0000,  MISO, 0xFFFF
1.903650458,SPI,MOSI, 0x0000,  MISO, 0xFFFF
1.90366925,SPI,MOSI, 0x0000,  MISO, 0xFFFF
1.903688,SPI,MOSI, 0x0000,  MISO, 0xFFFF
1.903706792,SPI,MOSI, 0x0000,  MISO, 0xFFFF
1.903725542,SPI,MOSI, 0x0000,  MISO, 0xFFFF
1.903744333,SPI,MOSI, 0x0000,  MISO, 0xFFFF
1.903763083,SPI,MOSI, 0x0000,  MISO, 0xFFFF
1.903781875,SPI,MOSI, 0x0000,  MISO, 0xFFFF
1.903800625,SPI,MOSI, 0x0000,  MISO, 0xFFFF
1.903819417,SPI,MOSI, 0x0000,  MISO, 0xFFFF
1.903838167,SPI,MOSI, 0x0000,  MISO, 0xFFFF
1.903856958,SPI,MOSI, 0x0000,  MISO, 0xFFFF
1.978884542,SPI,MOSI, 0x2AD4,  MISO, 0xFFFF
1.978903042,SPI,MOSI, 0x0000,  MISO, 0xFFFF
1.978942708,SPI,MOSI, 0x2AD4,  MISO, 0xFFFF
1.97896125,SPI,MOSI, 0x0000,  MISO, 0x3FFF
1.979000833,SPI,MOSI, 0x2AD4,  MISO, 0xFFFF
1.979019375,SPI,MOSI, 0x0000,  MISO, 0x0FFF
1.979058958,SPI,MOSI, 0x2AD4,  MISO, 0xFFFF
1.9790775,SPI,MOSI, 0x0000,  MISO, 0x0FFF
1.979117083,SPI,MOSI, 0x2AD4,  MISO, 0xFFFF
1.979135625,SPI,MOSI, 0x0000,  MISO, 0x0FFF
1.979176042,SPI,MOSI, 0x0000,  MISO, 0xFFFF
1.9791945,SPI,MOSI, 0x9400,  MISO, 0xFFFF
1.979213417,SPI,MOSI, 0x0000,  MISO, 0xFFFF
1.97923225,SPI,MOSI, 0x0000,  MISO, 0xFFFF
1.979251042,SPI,MOSI, 0x0000,  MISO, 0xFFFF
1.979269792,SPI,MOSI, 0x0000,  MISO, 0xFFFF
1.979288583,SPI,MOSI, 0x0000,  MISO, 0xFFFF
1.979307375,SPI,MOSI, 0x0000,  MISO, 0xFFFF
1.979326125,SPI,MOSI, 0x0000,  MISO, 0xFFFF
1.979344917,SPI,MOSI, 0x0000,  MISO, 0xFFFF
1.979363667,SPI,MOSI, 0x0000,  MISO, 0xFFFF
1.979382458,SPI,MOSI, 0x0000,  MISO, 0xFFFF
1.979401292,SPI,MOSI, 0x0000,  MISO, 0xFFFF
1.979420083,SPI,MOSI, 0x0000,  MISO, 0xFFFF
1.979438833,SPI,MOSI, 0x0000,  MISO, 0xFFFF
1.979457625,SPI,MOSI, 0x0000,  MISO, 0xFFFF
1.979476375,SPI,MOSI, 0x0000,  MISO, 0xFFFF
1.979495167,SPI,MOSI, 0x0000,  MISO, 0xFFFF
1.979513917,SPI,MOSI, 0x0000,  MISO, 0xFFFF
1.979532708,SPI,MOSI, 0x0000,  MISO, 0xFFFF
1.979551458,SPI,MOSI, 0x0000,  MISO, 0xFFFF
1.97957025,SPI,MOSI, 0x0000,  MISO, 0xFFFF
1.979589,SPI,MOSI, 0x0000,  MISO, 0xFFFF
1.979607792,SPI,MOSI, 0x0000,  MISO, 0xFFFF
1.979626542,SPI,MOSI, 0x0000,  MISO, 0xFFFF
1.979645333,SPI,MOSI, 0x0000,  MISO, 0xFFFF
1.979664125,SPI,MOSI, 0x0000,  MISO, 0xFFFF
1.979682875,SPI,MOSI, 0x0000,  MISO, 0xFFFF
1.979701667,SPI,MOSI, 0x0000,  MISO, 0xFFFF
1.979720417,SPI,MOSI, 0x0000,  MISO, 0xFFFF
1.979739208,SPI,MOSI, 0x0000,  MISO, 0xFFFF
1.979757958,SPI,MOSI, 0x0000,  MISO, 0xFFFF
1.97977675,SPI,MOSI, 0x0000,  MISO, 0xFFFF
1.9797955,SPI,MOSI, 0x0000,  MISO, 0xFFFF
1.979814292,SPI,MOSI, 0x0000,  MISO, 0xFFFF
1.979833042,SPI,MOSI, 0x0000,  MISO, 0xFFFF
1.979851833,SPI,MOSI, 0x0000,  MISO, 0xFFFF
1.979870583,SPI,MOSI, 0x0000,  MISO, 0xFFFF
1.979889375,SPI,MOSI, 0x0000,  MISO, 0xFFFF
2.054915542,SPI,MOSI, 0x2BFB,  MISO, 0xFFFF
2.054955542,SPI,MOSI, 0x2BFB,  MISO, 0xFFFF
2.054995958,SPI,MOSI, 0x0100,  MISO, 0xFFFF
2.055014458,SPI,MOSI, 0xDA00,  MISO, 0xFFFF
2.055033417,SPI,MOSI, 0x0000,  MISO, 0xFFFF
2.05505225,SPI,MOSI, 0x0000,  MISO, 0xFFFF
2.055071042,SPI,MOSI, 0x0000,  MISO, 0xFFFF
2.055089792,SPI,MOSI, 0x0000,  MISO, 0xFFFF
2.055108583,SPI,MOSI, 0x0000,  MISO, 0xFFFF
2.055127333,SPI,MOSI, 0x0000,  MISO, 0xFFFF
2.055146125,SPI,MOSI, 0x0000,  MISO, 0xFFFF
2.055164875,SPI,MOSI, 0x0000,  MISO, 0xFFFF
2.055183667,SPI,MOSI, 0x0000,  MISO, 0xFFFF
2.055202375,SPI,MOSI, 0x0000,  MISO, 0xFFFF
2.055221167,SPI,MOSI, 0x0000,  MISO, 0xFFFF
2.055239917,SPI,MOSI, 0x0000,  MISO, 0xFFFF
2.055258708,SPI,MOSI, 0x0000,  MISO, 0xFFFF
2.055277458,SPI,MOSI, 0x0000,  MISO, 0xFFFF
2.05529625,SPI,MOSI, 0x0000,  MISO, 0xFFFF
2.055315,SPI,MOSI, 0x0000,  MISO, 0xFFFF
2.055333792,SPI,MOSI, 0x0000,  MISO, 0xFFFF
2.055352542,SPI,MOSI, 0x0000,  MISO, 0xFFFF
2.055371333,SPI,MOSI, 0x0000,  MISO, 0xFFFF
2.055390125,SPI,MOSI, 0x0000,  MISO, 0xFFFF
2.055408958,SPI,MOSI, 0x0000,  MISO, 0xFFFF
2.05542775,SPI,MOSI, 0x0000,  MISO, 0xFFFF
2.0554465,SPI,MOSI, 0x0000,  MISO, 0xFFFF
2.055465292,SPI,MOSI, 0x0000,  MISO, 0xFFFF
2.055484042,SPI,MOSI, 0x0000,  MISO, 0xFFFF
2.055502833,SPI,MOSI, 0x0000,  MISO, 0xFFFF
2.055521583,SPI,MOSI, 0x0000,  MISO, 0xFFFF
2.055540375,SPI,MOSI, 0x0000,  MISO, 0xFFFF
2.055559125,SPI,MOSI, 0x0000,  MISO, 0xFFFF
2.055577917,SPI,MOSI, 0x0000,  MISO, 0xFFFF
2.055596667,SPI,MOSI, 0x0000,  MISO, 0xFFFF
2.055615458,SPI,MOSI, 0x0000,  MISO, 0xFFFF
2.055634208,SPI,MOSI, 0x0000,  MISO, 0xFFFF
2.055653,SPI,MOSI, 0x0000,  MISO, 0xFFFF
2.05567175,SPI,MOSI, 0x0000,  MISO, 0xFFFF
2.055690542,SPI,MOSI, 0x0000,  MISO, 0xFFFF
2.055709292,SPI,MOSI, 0x0000,  MISO, 0xFFFF
2.130736667,SPI,MOSI, 0x2AD4,  MISO, 0xFFFF
2.130755208,SPI,MOSI, 0x0000,  MISO, 0xFFFF
2.130794875,SPI,MOSI, 0x2AD4,  MISO, 0xFFFF
2.130813375,SPI,MOSI, 0x0000,  MISO, 0x3FFF
2.130853,SPI,MOSI, 0x2AD4,  MISO, 0xFFFF
2.1308715,SPI,MOSI, 0x0000,  MISO, 0x0FFF
2.130911125,SPI,MOSI, 0x2AD4,  MISO, 0xFFFF
2.130929625,SPI,MOSI, 0x0000,  MISO, 0x0FFF
2.13096925,SPI,MOSI, 0x2AD4,  MISO, 0xFFFF
2.13098775,SPI,MOSI, 0x0000,  MISO, 0x0FFF
2.131028167,SPI,MOSI, 0x4700,  MISO, 0xFFFF
2.131046708,SPI,MOSI, 0x7000,  MISO, 0xFF00
2.131065583,SPI,MOSI, 0x0000,  MISO, 0xBB9E
2.13109075,SPI,MOSI, 0x0000,  MISO, 0x0000
2.131114917,SPI,MOSI, 0x0000,  MISO, 0x5C9F
2.131139958,SPI,MOSI, 0x0000,  MISO, 0x0AE6
2.131164792,SPI,MOSI, 0x0000,  MISO, 0x0010
2.131189375,SPI,MOSI, 0x0000,  MISO, 0xA090
2.131214375,SPI,MOSI, 0x0000,  MISO, 0x9F84
2.131239417,SPI,MOSI, 0x0000,  MISO, 0x9F33
2.131264458,SPI,MOSI, 0x0000,  MISO, 0x38FF
2.1312895,SPI,MOSI, 0x0000,  MISO, 0xFFFF
2.13130825,SPI,MOSI, 0x0000,  MISO, 0xFFFF
2.131327042,SPI,MOSI, 0x0000,  MISO, 0xFFFF
2.131345792,SPI,MOSI, 0x0000,  MISO, 0xFFFF
2.131364583,SPI,MOSI, 0x0000,  MISO, 0xFFFF
2.131383333,SPI,MOSI, 0x0000,  MISO, 0xFFFF
2.131402125,SPI,MOSI, 0x0000,  MISO, 0xFFFF
2.131420958,SPI,MOSI, 0x0000,  MISO, 0xFFFF
2.131439708,SPI,MOSI, 0x0000,  MISO, 0xFFFF
2.1314585,SPI,MOSI, 0x0000,  MISO, 0xFFFF
2.13147725,SPI,MOSI, 0x0000,  MISO, 0xFFFF
2.131496042,SPI,MOSI, 0x0000,  MISO, 0xFFFF
2.131514833,SPI,MOSI, 0x0000,  MISO, 0xFFFF
2.131533583,SPI,MOSI, 0x0000,  MISO, 0xFFFF
2.131552375,SPI,MOSI, 0x0000,  MISO, 0xFFFF
2.131571125,SPI,MOSI, 0x0000,  MISO, 0xFFFF
2.131589917,SPI,MOSI, 0x0000,  MISO, 0xFFFF
2.131608667,SPI,MOSI, 0x0000,  MISO, 0xFFFF
2.131627458,SPI,MOSI, 0x0000,  MISO, 0xFFFF
2.131646208,SPI,MOSI, 0x0000,  MISO, 0xFFFF
2.131665,SPI,MOSI, 0x0000,  MISO, 0xFFFF
2.13168375,SPI,MOSI, 0x0000,  MISO, 0xFFFF
2.131702542,SPI,MOSI, 0x0000,  MISO, 0xFFFF
2.131721292,SPI,MOSI, 0x0000,  MISO, 0xFFFF
2.131740083,SPI,MOSI, 0x0000,  MISO, 0xFFFF
2.131758833,SPI,MOSI, 0x0000,  MISO, 0xFFFF
2.131777625,SPI,MOSI, 0x0000,  MISO, 0xFFFF
2.131796375,SPI,MOSI, 0x0000,  MISO, 0xFFFF
2.206842833,SPI,MOSI, 0x2AD4,  MISO, 0xFFFF
2.206861375,SPI,MOSI, 0x0000,  MISO, 0xFFFF
2.206901,SPI,MOSI, 0x2AD4,  MISO, 0xFFFF
2.206919542,SPI,MOSI, 0x0000,  MISO, 0x3FFF
2.206959167,SPI,MOSI, 0x2AD4,  MISO, 0xFFFF
2.206977667,SPI,MOSI, 0x0000,  MISO, 0x0FFF
2.207017292,SPI,MOSI, 0x2AD4,  MISO, 0xFFFF
2.207035792,SPI,MOSI, 0x0000,  MISO, 0x0FFF
2.207075417,SPI,MOSI, 0x2AD4,  MISO, 0xFFFF
2.207093917,SPI,MOSI, 0x0000,  MISO, 0x0FFF
2.207134292,SPI,MOSI, 0x4800,  MISO, 0xFFFF
2.207152833,SPI,MOSI, 0x3400,  MISO, 0xFF00
2.207171708,SPI,MOSI, 0x0000,  MISO, 0xC09F
2.207197792,SPI,MOSI, 0x0000,  MISO, 0x579F
2.207222833,SPI,MOSI, 0x0000,  MISO, 0x709F
2.207247875,SPI,MOSI, 0x0000,  MISO, 0x21D1
2.207272958,SPI,MOSI, 0x0000,  MISO, 0x00A2
2.207297542,SPI,MOSI, 0x0000,  MISO, 0x9F80
2.207322583,SPI,MOSI, 0x0000,  MISO, 0x9F95
2.207347625,SPI,MOSI, 0x0000,  MISO, 0x9F22
2.207372667,SPI,MOSI, 0x0000,  MISO, 0x5DFF
2.207397708,SPI,MOSI, 0x0000,  MISO, 0xFFFF
2.207416583,SPI,MOSI, 0x0000,  MISO, 0xFFFF
2.207435333,SPI,MOSI, 0x0000,  MISO, 0xFFFF
2.207454125,SPI,MOSI, 0x0000,  MISO, 0xFFFF
2.207472875,SPI,MOSI, 0x0000,  MISO, 0xFFFF
2.207491667,SPI,MOSI, 0x0000,  MISO, 0xFFFF
2.207510417,SPI,MOSI, 0x0000,  MISO, 0xFFFF
2.207529208,SPI,MOSI, 0x0000,  MISO, 0xFFFF
2.207547958,SPI,MOSI, 0x0000,  MISO, 0xFFFF
2.20756675,SPI,MOSI, 0x0000,  MISO, 0xFFFF
2.2075855,SPI,MOSI, 0x0000,  MISO, 0xFFFF
2.207604292,SPI,MOSI, 0x0000,  MISO, 0xFFFF
2.207623042,SPI,MOSI, 0x0000,  MISO, 0xFFFF
2.207641833,SPI,MOSI, 0x0000,  MISO, 0xFFFF
2.207660625,SPI,MOSI, 0x0000,  MISO, 0xFFFF
2.207679375,SPI,MOSI, 0x0000,  MISO, 0xFFFF
2.207698167,SPI,MOSI, 0x0000,  MISO, 0xFFFF
2.207716917,SPI,MOSI, 0x0000,  MISO, 0xFFFF
2.207735708,SPI,MOSI, 0x0000,  MISO, 0xFFFF
2.207754458,SPI,MOSI, 0x0000,  MISO, 0xFFFF
2.20777325,SPI,MOSI, 0x0000,  MISO, 0xFFFF
2.207792,SPI,MOSI, 0x0000,  MISO, 0xFFFF
2.207810792,SPI,MOSI, 0x0000,  MISO, 0xFFFF
2.207829542,SPI,MOSI, 0x0000,  MISO, 0xFFFF
2.207848333,SPI,MOSI, 0x0000,  MISO, 0xFFFF
2.207867083,SPI,MOSI, 0x0000,  MISO, 0xFFFF
2.207885875,SPI,MOSI, 0x0000,  MISO, 0xFFFF
2.207904625,SPI,MOSI, 0x0000,  MISO, 0xFFFF
2.283022833,SPI,MOSI, 0x2AD4,  MISO, 0xFFFF
2.283041375,SPI,MOSI, 0x0000,  MISO, 0xFFFF
2.283081042,SPI,MOSI, 0x2AD4,  MISO, 0xFFFF
2.283099542,SPI,MOSI, 0x0000,  MISO, 0x3FFF
2.283139167,SPI,MOSI, 0x2AD4,  MISO, 0xFFFF
2.283157667,SPI,MOSI, 0x0000,  MISO, 0x0FFF
2.283197292,SPI,MOSI, 0x2AD4,  MISO, 0xFFFF
2.28321575,SPI,MOSI, 0x0000,  MISO, 0x0FFF
2.283255708,SPI,MOSI, 0x2AD4,  MISO, 0xFFFF
2.283274208,SPI,MOSI, 0x0000,  MISO, 0x0FFF
2.283314708,SPI,MOSI, 0x4900,  MISO, 0xFFFF
2.28333325,SPI,MOSI, 0xDD00,  MISO, 0xFF00
2.283352125,SPI,MOSI, 0x0000,  MISO, 0x599F
2.283377292,SPI,MOSI, 0x0000,  MISO, 0x699F
2.283402375,SPI,MOSI, 0x0000,  MISO, 0x729F
2.283427375,SPI,MOSI, 0x0000,  MISO, 0x3549
2.283452417,SPI,MOSI, 0x0000,  MISO, 0x0088
2.283477,SPI,MOSI, 0x0000,  MISO, 0x9F81
2.283502042,SPI,MOSI, 0x0000,  MISO, 0x9F8B
2.283527083,SPI,MOSI, 0x0000,  MISO, 0x9F25
2.283552125,SPI,MOSI, 0x0000,  MISO, 0x0DFF
2.283576917,SPI,MOSI, 0x0000,  MISO, 0xFFFF
2.283595667,SPI,MOSI, 0x0000,  MISO, 0xFFFF
2.283614458,SPI,MOSI, 0x0000,  MISO, 0xFFFF
2.283633208,SPI,MOSI, 0x0000,  MISO, 0xFFFF
2.283652,SPI,MOSI, 0x0000,  MISO, 0xFFFF
2.28367075,SPI,MOSI, 0x0000,  MISO, 0xFFFF
2.283689542,SPI,MOSI, 0x0000,  MISO, 0xFFFF
2.283708292,SPI,MOSI, 0x0000,  MISO, 0xFFFF
2.283727083,SPI,MOSI, 0x0000,  MISO, 0xFFFF
2.283745833,SPI,MOSI, 0x0000,  MISO, 0xFFFF
2.283764625,SPI,MOSI, 0x0000,  MISO, 0xFFFF
2.283783417,SPI,MOSI, 0x0000,  MISO, 0xFFFF
2.283802167,SPI,MOSI, 0x0000,  MISO, 0xFFFF
2.283820958,SPI,MOSI, 0x0000,  MISO, 0xFFFF
2.283839708,SPI,MOSI, 0x0000,  MISO, 0xFFFF
2.2838585,SPI,MOSI, 0x0000,  MISO, 0xFFFF
2.28387725,SPI,MOSI, 0x0000,  MISO, 0xFFFF
2.283896042,SPI,MOSI, 0x0000,  MISO, 0xFFFF
2.283914792,SPI,MOSI, 0x0000,  MISO, 0xFFFF
2.283933583,SPI,MOSI, 0x0000,  MISO, 0xFFFF
2.283952333,SPI,MOSI, 0x0000,  MISO, 0xFFFF
2.283971125,SPI,MOSI, 0x0000,  MISO, 0xFFFF
2.283989875,SPI,MOSI, 0x0000,  MISO, 0xFFFF
2.284008667,SPI,MOSI, 0x0000,  MISO, 0xFFFF
2.284027417,SPI,MOSI, 0x0000,  MISO, 0xFFFF
2.284046208,SPI,MOSI, 0x0000,  MISO, 0xFFFF
2.284064958,SPI,MOSI, 0x0000,  MISO, 0xFFFF
2.28408375,SPI,MOSI, 0x0000,  MISO, 0xFFFF
2.359201083,SPI,MOSI, 0x2AD4,  MISO, 0xFFFF
2.359219583,SPI,MOSI, 0x0000,  MISO, 0xFFFF
2.3592595,SPI,MOSI, 0x2AD4,  MISO, 0xFFFF
2.359278,SPI,MOSI, 0x0000,  MISO, 0x3FFF
2.359317625,SPI,MOSI, 0x2AD4,  MISO, 0xFFFF
2.359336125,SPI,MOSI, 0x0000,  MISO, 0x0FFF
2.35937575,SPI,MOSI, 0x2AD4,  MISO, 0xFFFF
2.35939425,SPI,MOSI, 0x0000,  MISO, 0x0FFF
2.359435958,SPI,MOSI, 0x2AD4,  MISO, 0xFFFF
2.359454458,SPI,MOSI, 0x0000,  MISO, 0x0FFF
2.359494833,SPI,MOSI, 0x4A00,  MISO, 0xFFFF
2.359513375,SPI,MOSI, 0xC900,  MISO, 0xFF00
2.359532292,SPI,MOSI, 0x0000,  MISO, 0x9A9F
2.359557458,SPI,MOSI, 0x0000,  MISO, 0x689F
2.3595825,SPI,MOSI, 0x0000,  MISO, 0xA99F
2.359607542,SPI,MOSI, 0x0000,  MISO, 0x1B4E
2.359632583,SPI,MOSI, 0x0000,  MISO, 0x004D
2.359657167,SPI,MOSI, 0x0000,  MISO, 0x9F91
2.359682208,SPI,MOSI, 0x0000,  MISO, 0x9F95
2.35970725,SPI,MOSI, 0x0000,  MISO, 0x9F2E
2.359732292,SPI,MOSI, 0x0000,  MISO, 0x8DFF
2.359757333,SPI,MOSI, 0x0000,  MISO, 0xFFFF
2.359776083,SPI,MOSI, 0x0000,  MISO, 0xFFFF
2.359794875,SPI,MOSI, 0x0000,  MISO, 0xFFFF
2.359813625,SPI,MOSI, 0x0000,  MISO, 0xFFFF
2.359832417,SPI,MOSI, 0x0000,  MISO, 0xFFFF
2.359851167,SPI,MOSI, 0x0000,  MISO, 0xFFFF
2.359869958,SPI,MOSI, 0x0000,  MISO, 0xFFFF
2.35988875,SPI,MOSI, 0x0000,  MISO, 0xFFFF
2.3599075,SPI,MOSI, 0x0000,  MISO, 0xFFFF
2.359926292,SPI,MOSI, 0x0000,  MISO, 0xFFFF
2.359945042,SPI,MOSI, 0x0000,  MISO, 0xFFFF
2.359963833,SPI,MOSI, 0x0000,  MISO, 0xFFFF
2.359982583,SPI,MOSI, 0x0000,  MISO, 0xFFFF
2.360001375,SPI,MOSI, 0x0000,  MISO, 0xFFFF
2.360020125,SPI,MOSI, 0x0000,  MISO, 0xFFFF
2.360038917,SPI,MOSI, 0x0000,  MISO, 0xFFFF
2.360057667,SPI,MOSI, 0x0000,  MISO, 0xFFFF
2.360076458,SPI,MOSI, 0x0000,  MISO, 0xFFFF
2.360095208,SPI,MOSI, 0x0000,  MISO, 0xFFFF
2.360114,SPI,MOSI, 0x0000,  MISO, 0xFFFF
2.36013275,SPI,MOSI, 0x0000,  MISO, 0xFFFF
2.360151542,SPI,MOSI, 0x0000,  MISO, 0xFFFF
2.360170292,SPI,MOSI, 0x0000,  MISO, 0xFFFF
2.360189083,SPI,MOSI, 0x0000,  MISO, 0xFFFF
2.360207792,SPI,MOSI, 0x0000,  MISO, 0xFFFF
2.360226583,SPI,MOSI, 0x0000,  MISO, 0xFFFF
2.360245375,SPI,MOSI, 0x0000,  MISO, 0xFFFF
2.360264125,SPI,MOSI, 0x0000,  MISO, 0xFFFF
2.435380792,SPI,MOSI, 0x2AD4,  MISO, 0xFFFF
2.435399292,SPI,MOSI, 0x0000,  MISO, 0xFFFF
2.435440958,SPI,MOSI, 0x2AD4,  MISO, 0xFFFF
2.435459458,SPI,MOSI, 0x0000,  MISO, 0x3FFF
2.435499083,SPI,MOSI, 0x2AD4,  MISO, 0xFFFF
2.435517583,SPI,MOSI, 0x0000,  MISO, 0x0FFF
2.435557208,SPI,MOSI, 0x2AD4,  MISO, 0xFFFF
2.435575708,SPI,MOSI, 0x0000,  MISO, 0x0FFF
2.435615333,SPI,MOSI, 0x2AD4,  MISO, 0xFFFF
2.435633875,SPI,MOSI, 0x0000,  MISO, 0x0FFF
2.43567425,SPI,MOSI, 0x4B00,  MISO, 0xFFFF
2.43569275,SPI,MOSI, 0x2000,  MISO, 0xFF00
2.435711667,SPI,MOSI, 0x0000,  MISO, 0xF99E
2.435736833,SPI,MOSI, 0x0000,  MISO, 0x0000
2.435761,SPI,MOSI, 0x0000,  MISO, 0x0100
2.435785792,SPI,MOSI, 0x0000,  MISO, 0x1865
2.435810833,SPI,MOSI, 0x0000,  MISO, 0x0000
2.435835,SPI,MOSI, 0x0000,  MISO, 0x0002
2.435859375,SPI,MOSI, 0x0000,  MISO, 0x0002
2.43588375,SPI,MOSI, 0x0000,  MISO, 0x0024
2.435908333,SPI,MOSI, 0x0000,  MISO, 0xA2FF
2.435933375,SPI,MOSI, 0x0000,  MISO, 0xFFFF
2.435952125,SPI,MOSI, 0x0000,  MISO, 0xFFFF
2.435970917,SPI,MOSI, 0x0000,  MISO, 0xFFFF
2.435989708,SPI,MOSI, 0x0000,  MISO, 0xFFFF
2.436008458,SPI,MOSI, 0x0000,  MISO, 0xFFFF
2.43602725,SPI,MOSI, 0x0000,  MISO, 0xFFFF
2.436046,SPI,MOSI, 0x0000,  MISO, 0xFFFF
2.436064792,SPI,MOSI, 0x0000,  MISO, 0xFFFF
2.436083542,SPI,MOSI, 0x0000,  MISO, 0xFFFF
2.436102333,SPI,MOSI, 0x0000,  MISO, 0xFFFF
2.436121083,SPI,MOSI, 0x0000,  MISO, 0xFFFF
2.436139875,SPI,MOSI, 0x0000,  MISO, 0xFFFF
2.436158625,SPI,MOSI, 0x0000,  MISO, 0xFFFF
2.436177417,SPI,MOSI, 0x0000,  MISO, 0xFFFF
2.436196167,SPI,MOSI, 0x0000,  MISO, 0xFFFF
2.436214917,SPI,MOSI, 0x0000,  MISO, 0xFFFF
2.436233667,SPI,MOSI, 0x0000,  MISO, 0xFFFF
2.436252458,SPI,MOSI, 0x0000,  MISO, 0xFFFF
2.436271208,SPI,MOSI, 0x0000,  MISO, 0xFFFF
2.43629,SPI,MOSI, 0x0000,  MISO, 0xFFFF
2.43630875,SPI,MOSI, 0x0000,  MISO, 0xFFFF
2.436327542,SPI,MOSI, 0x0000,  MISO, 0xFFFF
2.436346333,SPI,MOSI, 0x0000,  MISO, 0xFFFF
2.436365083,SPI,MOSI, 0x0000,  MISO, 0xFFFF
2.436383875,SPI,MOSI, 0x0000,  MISO, 0xFFFF
2.436402625,SPI,MOSI, 0x0000,  MISO, 0xFFFF
2.436421417,SPI,MOSI, 0x0000,  MISO, 0xFFFF
2.436440292,SPI,MOSI, 0x0000,  MISO, 0xFFFF
2.51154875,SPI,MOSI, 0x2AD4,  MISO, 0xFFFF
2.51156725,SPI,MOSI, 0x0000,  MISO, 0xFFFF
2.511606917,SPI,MOSI, 0x2AD4,  MISO, 0xFFFF
2.511625417,SPI,MOSI, 0x0000,  MISO, 0x3FFF
2.511665042,SPI,MOSI, 0x2AD4,  MISO, 0xFFFF
2.511683542,SPI,MOSI, 0x0000,  MISO, 0x0FFF
2.511723167,SPI,MOSI, 0x2AD4,  MISO, 0xFFFF
2.511741708,SPI,MOSI, 0x0000,  MISO, 0x0FFF
2.511781292,SPI,MOSI, 0x2AD4,  MISO, 0xFFFF
2.511799833,SPI,MOSI, 0x0000,  MISO, 0x0FFF
2.511840375,SPI,MOSI, 0x4C00,  MISO, 0xFFFF
2.511858875,SPI,MOSI, 0xE100,  MISO, 0xFF00
2.511877792,SPI,MOSI, 0x0000,  MISO, 0x0200
2.511902708,SPI,MOSI, 0x0000,  MISO, 0x4C77
2.51192775,SPI,MOSI, 0x0000,  MISO, 0x3C17
2.511952792,SPI,MOSI, 0x0000,  MISO, 0x0002
2.511977167,SPI,MOSI, 0x0000,  MISO, 0x0090
2.51200175,SPI,MOSI, 0x0000,  MISO, 0x7730
2.512026792,SPI,MOSI, 0x0000,  MISO, 0x78FF
2.512051833,SPI,MOSI, 0x0000,  MISO, 0xFFFF
2.512070583,SPI,MOSI, 0x0000,  MISO, 0xFFFF
2.512089375,SPI,MOSI, 0x0000,  MISO, 0xFFFF
2.512108125,SPI,MOSI, 0x0000,  MISO, 0xFFFF
2.512126917,SPI,MOSI, 0x0000,  MISO, 0xFFFF
2.512145708,SPI,MOSI, 0x0000,  MISO, 0xFFFF
2.512164458,SPI,MOSI, 0x0000,  MISO, 0xFFFF
2.51218325,SPI,MOSI, 0x0000,  MISO, 0xFFFF
2.512202,SPI,MOSI, 0x0000,  MISO, 0xFFFF
2.51222075,SPI,MOSI, 0x0000,  MISO, 0xFFFF
2.5122395,SPI,MOSI, 0x0000,  MISO, 0xFFFF
2.512258292,SPI,MOSI, 0x0000,  MISO, 0xFFFF
2.512277042,SPI,MOSI, 0x0000,  MISO, 0xFFFF
2.512295833,SPI,MOSI, 0x0000,  MISO, 0xFFFF
2.512314583,SPI,MOSI, 0x0000,  MISO, 0xFFFF
2.512333375,SPI,MOSI, 0x0000,  MISO, 0xFFFF
2.512352125,SPI,MOSI, 0x0000,  MISO, 0xFFFF
2.512370917,SPI,MOSI, 0x0000,  MISO, 0xFFFF
2.512389667,SPI,MOSI, 0x0000,  MISO, 0xFFFF
2.512408458,SPI,MOSI, 0x0000,  MISO, 0xFFFF
2.512427208,SPI,MOSI, 0x0000,  MISO, 0xFFFF
2.512446042,SPI,MOSI, 0x0000,  MISO, 0xFFFF
2.512464833,SPI,MOSI, 0x0000,  MISO, 0xFFFF
2.512483625,SPI,MOSI, 0x0000,  MISO, 0xFFFF
2.512502375,SPI,MOSI, 0x0000,  MISO, 0xFFFF
2.512521167,SPI,MOSI, 0x0000,  MISO, 0xFFFF
2.512539917,SPI,MOSI, 0x0000,  MISO, 0xFFFF
2.512558708,SPI,MOSI, 0x0000,  MISO, 0xFFFF
2.512577458,SPI,MOSI, 0x0000,  MISO, 0xFFFF
2.51259625,SPI,MOSI, 0x0000,  MISO, 0xFFFF
2.587856917,SPI,MOSI, 0x2AD4,  MISO, 0xFFFF
2.587875458,SPI,MOSI, 0x0000,  MISO, 0xFFFF
2.587915083,SPI,MOSI, 0x2AD4,  MISO, 0xFFFF
2.587933625,SPI,MOSI, 0x0000,  MISO, 0x3FFF
2.587973208,SPI,MOSI, 0x2AD4,  MISO, 0xFFFF
2.58799175,SPI,MOSI, 0x0000,  MISO, 0x0FFF
2.588031333,SPI,MOSI, 0x2AD4,  MISO, 0xFFFF
2.588049875,SPI,MOSI, 0x0000,  MISO, 0x0FFF
2.588089458,SPI,MOSI, 0x2AD4,  MISO, 0xFFFF
2.588108,SPI,MOSI, 0x0000,  MISO, 0x0FFF
2.588148375,SPI,MOSI, 0x2AD4,  MISO, 0xFFFF
2.588166917,SPI,MOSI, 0x0000,  MISO, 0x0FFF
2.588206583,SPI,MOSI, 0x2AD4,  MISO, 0xFFFF
2.588225042,SPI,MOSI, 0x0000,  MISO, 0x0FFF
2.588265,SPI,MOSI, 0x2AD4,  MISO, 0xFFFF
2.5882835,SPI,MOSI, 0x0000,  MISO, 0x0FFF
2.588323125,SPI,MOSI, 0x2AD4,  MISO, 0xFFFF
2.588341625,SPI,MOSI, 0x0000,  MISO, 0x0FFF
2.58838125,SPI,MOSI, 0x2AD4,  MISO, 0xFFFF
2.58839975,SPI,MOSI, 0x0000,  MISO, 0x0FFF
2.588442042,SPI,MOSI, 0x0100,  MISO, 0xFFFF
2.588460583,SPI,MOSI, 0x2700,  MISO, 0xFFFF
2.588479458,SPI,MOSI, 0x0000,  MISO, 0xFFFF
2.588498333,SPI,MOSI, 0x0000,  MISO, 0xFFFF
2.588517083,SPI,MOSI, 0x0000,  MISO, 0xFFFF
2.588535875,SPI,MOSI, 0x0000,  MISO, 0xFFFF
2.588554625,SPI,MOSI, 0x0000,  MISO, 0xFFFF
2.588573417,SPI,MOSI, 0x0000,  MISO, 0xFFFF
2.588592208,SPI,MOSI, 0x0000,  MISO, 0xFFFF
2.588610958,SPI,MOSI, 0x0000,  MISO, 0xFFFF
2.58862975,SPI,MOSI, 0x0000,  MISO, 0xFFFF
2.5886485,SPI,MOSI, 0x0000,  MISO, 0xFFFF
2.588667292,SPI,MOSI, 0x0000,  MISO, 0xFFFF
2.588686042,SPI,MOSI, 0x0000,  MISO, 0xFFFF
2.588704833,SPI,MOSI, 0x0000,  MISO, 0xFFFF
2.588723583,SPI,MOSI, 0x0000,  MISO, 0xFFFF
2.588742375,SPI,MOSI, 0x0000,  MISO, 0xFFFF
2.588761125,SPI,MOSI, 0x0000,  MISO, 0xFFFF
2.588779917,SPI,MOSI, 0x0000,  MISO, 0xFFFF
2.588798667,SPI,MOSI, 0x0000,  MISO, 0xFFFF
2.588817458,SPI,MOSI, 0x0000,  MISO, 0xFFFF
2.588836208,SPI,MOSI, 0x0000,  MISO, 0xFFFF
2.588855,SPI,MOSI, 0x0000,  MISO, 0xFFFF
2.58887375,SPI,MOSI, 0x0000,  MISO, 0xFFFF
2.588892542,SPI,MOSI, 0x0000,  MISO, 0xFFFF
2.588911292,SPI,MOSI, 0x0000,  MISO, 0xFFFF
2.588930083,SPI,MOSI, 0x0000,  MISO, 0xFFFF
2.588948875,SPI,MOSI, 0x0000,  MISO, 0xFFFF
2.588967625,SPI,MOSI, 0x0000,  MISO, 0xFFFF
2.588986417,SPI,MOSI, 0x0000,  MISO, 0xFFFF
2.589005167,SPI,MOSI, 0x0000,  MISO, 0xFFFF
2.589023958,SPI,MOSI, 0x0000,  MISO, 0xFFFF
2.589042708,SPI,MOSI, 0x0000,  MISO, 0xFFFF
2.5890615,SPI,MOSI, 0x0000,  MISO, 0xFFFF
2.58908025,SPI,MOSI, 0x0000,  MISO, 0xFFFF
2.589099042,SPI,MOSI, 0x0000,  MISO, 0xFFFF
2.589117792,SPI,MOSI, 0x0000,  MISO, 0xFFFF
2.589136583,SPI,MOSI, 0x0000,  MISO, 0xFFFF
2.589155333,SPI,MOSI, 0x0000,  MISO, 0xFFFF
2.664182167,SPI,MOSI, 0x2AD4,  MISO, 0xFFFF
2.664200708,SPI,MOSI, 0x0000,  MISO, 0xFFFF
2.664241583,SPI,MOSI, 0x2AD4,  MISO, 0xFFFF
2.664260125,SPI,MOSI, 0x0000,  MISO, 0x3FFF
2.664299708,SPI,MOSI, 0x2AD4,  MISO, 0xFFFF
2.66431825,SPI,MOSI, 0x0000,  MISO, 0x0FFF
2.664357875,SPI,MOSI, 0x2AD4,  MISO, 0xFFFF
2.664376375,SPI,MOSI, 0x0000,  MISO, 0x0FFF
2.664416,SPI,MOSI, 0x2AD4,  MISO, 0xFFFF
2.6644345,SPI,MOSI, 0x0000,  MISO, 0x0FFF
2.664475083,SPI,MOSI, 0x0100,  MISO, 0xFFFF
2.664493625,SPI,MOSI, 0x3300,  MISO, 0xFFFF
2.6645125,SPI,MOSI, 0x0000,  MISO, 0xFFFF
2.664531375,SPI,MOSI, 0x0000,  MISO, 0xFFFF
2.664550125,SPI,MOSI, 0x0000,  MISO, 0xFFFF
2.664568917,SPI,MOSI, 0x0000,  MISO, 0xFFFF
2.664587667,SPI,MOSI, 0x0000,  MISO, 0xFFFF
2.664606458,SPI,MOSI, 0x0000,  MISO, 0xFFFF
2.664625208,SPI,MOSI, 0x0000,  MISO, 0xFFFF
2.664644,SPI,MOSI, 0x0000,  MISO, 0xFFFF
2.66466275,SPI,MOSI, 0x0000,  MISO, 0xFFFF
2.664681542,SPI,MOSI, 0x0000,  MISO, 0xFFFF
2.664700333,SPI,MOSI, 0x0000,  MISO, 0xFFFF
2.664719083,SPI,MOSI, 0x0000,  MISO, 0xFFFF
2.664737875,SPI,MOSI, 0x0000,  MISO, 0xFFFF
2.664756625,SPI,MOSI, 0x0000,  MISO, 0xFFFF
2.664775417,SPI,MOSI, 0x0000,  MISO, 0xFFFF
2.664794167,SPI,MOSI, 0x0000,  MISO, 0xFFFF
2.664812958,SPI,MOSI, 0x0000,  MISO, 0xFFFF
2.664831708,SPI,MOSI, 0x0000,  MISO, 0xFFFF
2.6648505,SPI,MOSI, 0x0000,  MISO, 0xFFFF
2.66486925,SPI,MOSI, 0x0000,  MISO, 0xFFFF
2.664888042,SPI,MOSI, 0x0000,  MISO, 0xFFFF
2.664906792,SPI,MOSI, 0x0000,  MISO, 0xFFFF
2.664925583,SPI,MOSI, 0x0000,  MISO, 0xFFFF
2.664944333,SPI,MOSI, 0x0000,  MISO, 0xFFFF
2.664963125,SPI,MOSI, 0x0000,  MISO, 0xFFFF
2.664981875,SPI,MOSI, 0x0000,  MISO, 0xFFFF
2.665000667,SPI,MOSI, 0x0000,  MISO, 0xFFFF
2.665019417,SPI,MOSI, 0x0000,  MISO, 0xFFFF
2.665038208,SPI,MOSI, 0x0000,  MISO, 0xFFFF
2.665057,SPI,MOSI, 0x0000,  MISO, 0xFFFF
2.66507575,SPI,MOSI, 0x0000,  MISO, 0xFFFF
2.665094542,SPI,MOSI, 0x0000,  MISO, 0xFFFF
2.665113292,SPI,MOSI, 0x0000,  MISO, 0xFFFF
2.665132083,SPI,MOSI, 0x0000,  MISO, 0xFFFF
2.665150833,SPI,MOSI, 0x0000,  MISO, 0xFFFF
2.665169625,SPI,MOSI, 0x0000,  MISO, 0xFFFF
2.665188375,SPI,MOSI, 0x0000,  MISO, 0xFFFF
2.740214875,SPI,MOSI, 0x2AD4,  MISO, 0xFFFF
2.740233375,SPI,MOSI, 0x0000,  MISO, 0xFFFF
2.740273292,SPI,MOSI, 0x2AD4,  MISO, 0xFFFF
2.740291833,SPI,MOSI, 0x0000,  MISO, 0x3FFF
2.740331417,SPI,MOSI, 0x2AD4,  MISO, 0xFFFF
2.740349958,SPI,MOSI, 0x0000,  MISO, 0x0FFF
2.740389542,SPI,MOSI, 0x2AD4,  MISO, 0xFFFF
2.740408083,SPI,MOSI, 0x0000,  MISO, 0x0FFF
2.740447708,SPI,MOSI, 0x2AD4,  MISO, 0xFFFF
2.740466167,SPI,MOSI, 0x0000,  MISO, 0x0FFF
2.740506792,SPI,MOSI, 0x0000,  MISO, 0xFFFF
2.740525333,SPI,MOSI, 0x9400,  MISO, 0xFFFF
2.740544208,SPI,MOSI, 0x0000,  MISO, 0xFFFF
2.740563083,SPI,MOSI, 0x0000,  MISO, 0xFFFF
2.740581833,SPI,MOSI, 0x0000,  MISO, 0xFFFF
2.740600625,SPI,MOSI, 0x0000,  MISO, 0xFFFF
2.740619375,SPI,MOSI, 0x0000,  MISO, 0xFFFF
2.740638167,SPI,MOSI, 0x0000,  MISO, 0xFFFF
2.740656917,SPI,MOSI, 0x0000,  MISO, 0xFFFF
2.740675708,SPI,MOSI, 0x0000,  MISO, 0xFFFF
2.740694458,SPI,MOSI, 0x0000,  MISO, 0xFFFF
2.74071325,SPI,MOSI, 0x0000,  MISO, 0xFFFF
2.740732,SPI,MOSI, 0x0000,  MISO, 0xFFFF
2.740750792,SPI,MOSI, 0x0000,  MISO, 0xFFFF
2.740769542,SPI,MOSI, 0x0000,  MISO, 0xFFFF
2.740788333,SPI,MOSI, 0x0000,  MISO, 0xFFFF
2.740807125,SPI,MOSI, 0x0000,  MISO, 0xFFFF
2.740825875,SPI,MOSI, 0x0000,  MISO, 0xFFFF
2.740844667,SPI,MOSI, 0x0000,  MISO, 0xFFFF
2.740863417,SPI,MOSI, 0x0000,  MISO, 0xFFFF
2.740882208,SPI,MOSI, 0x0000,  MISO, 0xFFFF
2.740900958,SPI,MOSI, 0x0000,  MISO, 0xFFFF
2.74091975,SPI,MOSI, 0x0000,  MISO, 0xFFFF
2.7409385,SPI,MOSI, 0x0000,  MISO, 0xFFFF
2.740957292,SPI,MOSI, 0x0000,  MISO, 0xFFFF
2.740976042,SPI,MOSI, 0x0000,  MISO, 0xFFFF
2.740994833,SPI,MOSI, 0x0000,  MISO, 0xFFFF
2.741013583,SPI,MOSI, 0x0000,  MISO, 0xFFFF
2.741032375,SPI,MOSI, 0x0000,  MISO, 0xFFFF
2.741051125,SPI,MOSI, 0x0000,  MISO, 0xFFFF
2.741069917,SPI,MOSI, 0x0000,  MISO, 0xFFFF
2.741088667,SPI,MOSI, 0x0000,  MISO, 0xFFFF
2.741107458,SPI,MOSI, 0x0000,  MISO, 0xFFFF
2.741126208,SPI,MOSI, 0x0000,  MISO, 0xFFFF
2.741145,SPI,MOSI, 0x0000,  MISO, 0xFFFF
2.741163792,SPI,MOSI, 0x0000,  MISO, 0xFFFF
2.741182542,SPI,MOSI, 0x0000,  MISO, 0xFFFF
2.741201333,SPI,MOSI, 0x0000,  MISO, 0xFFFF
2.741220083,SPI,MOSI, 0x0000,  MISO, 0xFFFF
2.816245917,SPI,MOSI, 0x2BFB,  MISO, 0xFFFF
2.816285917,SPI,MOSI, 0x2BFB,  MISO, 0xFFFF
2.816326292,SPI,MOSI, 0x0100,  MISO, 0xFFFF
2.816344833,SPI,MOSI, 0xDA00,  MISO, 0xFFFF
2.81636375,SPI,MOSI, 0x0000,  MISO, 0xFFFF
2.816382583,SPI,MOSI, 0x0000,  MISO, 0xFFFF
2.816401375,SPI,MOSI, 0x0000,  MISO, 0xFFFF
2.816420125,SPI,MOSI, 0x0000,  MISO, 0xFFFF
2.816438917,SPI,MOSI, 0x0000,  MISO, 0xFFFF
2.816457792,SPI,MOSI, 0x0000,  MISO, 0xFFFF
2.816476542,SPI,MOSI, 0x0000,  MISO, 0xFFFF
2.816495333,SPI,MOSI, 0x0000,  MISO, 0xFFFF
2.816514083,SPI,MOSI, 0x0000,  MISO, 0xFFFF
2.816532875,SPI,MOSI, 0x0000,  MISO, 0xFFFF
2.816551625,SPI,MOSI, 0x0000,  MISO, 0xFFFF
2.816570417,SPI,MOSI, 0x0000,  MISO, 0xFFFF
2.816589208,SPI,MOSI, 0x0000,  MISO, 0xFFFF
2.816607958,SPI,MOSI, 0x0000,  MISO, 0xFFFF
2.81662675,SPI,MOSI, 0x0000,  MISO, 0xFFFF
2.8166455,SPI,MOSI, 0x0000,  MISO, 0xFFFF
2.816664292,SPI,MOSI, 0x0000,  MISO, 0xFFFF
2.816683042,SPI,MOSI, 0x0000,  MISO, 0xFFFF
2.816701833,SPI,MOSI, 0x0000,  MISO, 0xFFFF
2.816720583,SPI,MOSI, 0x0000,  MISO, 0xFFFF
2.816739375,SPI,MOSI, 0x0000,  MISO, 0xFFFF
2.816758125,SPI,MOSI, 0x0000,  MISO, 0xFFFF
2.816776917,SPI,MOSI, 0x0000,  MISO, 0xFFFF
2.816795667,SPI,MOSI, 0x0000,  MISO, 0xFFFF
2.816814458,SPI,MOSI, 0x0000,  MISO, 0xFFFF
2.816833208,SPI,MOSI, 0x0000,  MISO, 0xFFFF
2.816852,SPI,MOSI, 0x0000,  MISO, 0xFFFF
2.81687075,SPI,MOSI, 0x0000,  MISO, 0xFFFF
2.816889542,SPI,MOSI, 0x0000,  MISO, 0xFFFF
2.816908292,SPI,MOSI, 0x0000,  MISO, 0xFFFF
2.816927083,SPI,MOSI, 0x0000,  MISO, 0xFFFF
2.816945875,SPI,MOSI, 0x0000,  MISO, 0xFFFF
2.816964625,SPI,MOSI, 0x0000,  MISO, 0xFFFF
2.816983417,SPI,MOSI, 0x0000,  MISO, 0xFFFF
2.817002167,SPI,MOSI, 0x0000,  MISO, 0xFFFF
2.817020958,SPI,MOSI, 0x0000,  MISO, 0xFFFF
2.817039708,SPI,MOSI, 0x0000,  MISO, 0xFFFF
2.89206775,SPI,MOSI, 0x2AD4,  MISO, 0xFFFF
2.89208625,SPI,MOSI, 0x0000,  MISO, 0xFFFF
2.892125917,SPI,MOSI, 0x2AD4,  MISO, 0xFFFF
2.892144417,SPI,MOSI, 0x0000,  MISO, 0x3FFF
2.892184042,SPI,MOSI, 0x2AD4,  MISO, 0xFFFF
2.892202542,SPI,MOSI, 0x0000,  MISO, 0x0FFF
2.892243417,SPI,MOSI, 0x2AD4,  MISO, 0xFFFF
2.892261917,SPI,MOSI, 0x0000,  MISO, 0x0FFF
2.892301542,SPI,MOSI, 0x2AD4,  MISO, 0xFFFF
2.892320042,SPI,MOSI, 0x0000,  MISO, 0x0FFF
2.8923605,SPI,MOSI, 0x4700,  MISO, 0xFFFF
2.892379,SPI,MOSI, 0x7000,  MISO, 0xFF00
2.892397917,SPI,MOSI, 0x0000,  MISO, 0xBB9E
2.892423083,SPI,MOSI, 0x0000,  MISO, 0x0000
2.89244725,SPI,MOSI, 0x0000,  MISO, 0x5C9F
2.89247225,SPI,MOSI, 0x0000,  MISO, 0x0AE6
2.892497042,SPI,MOSI, 0x0000,  MISO, 0x0010
2.892521625,SPI,MOSI, 0x0000,  MISO, 0xA090
2.892546667,SPI,MOSI, 0x0000,  MISO, 0x9F84
2.892571708,SPI,MOSI, 0x0000,  MISO, 0x9F33
2.89259675,SPI,MOSI, 0x0000,  MISO, 0x38FF
2.892621792,SPI,MOSI, 0x0000,  MISO, 0xFFFF
2.892640542,SPI,MOSI, 0x0000,  MISO, 0xFFFF
2.892659333,SPI,MOSI, 0x0000,  MISO, 0xFFFF
2.892678083,SPI,MOSI, 0x0000,  MISO, 0xFFFF
2.892696875,SPI,MOSI, 0x0000,  MISO, 0xFFFF
2.892715667,SPI,MOSI, 0x0000,  MISO, 0xFFFF
2.892734417,SPI,MOSI, 0x0000,  MISO, 0xFFFF
2.892753208,SPI,MOSI, 0x0000,  MISO, 0xFFFF
2.892771958,SPI,MOSI, 0x0000,  MISO, 0xFFFF
2.89279075,SPI,MOSI, 0x0000,  MISO, 0xFFFF
2.8928095,SPI,MOSI, 0x0000,  MISO, 0xFFFF
2.892828292,SPI,MOSI, 0x0000,  MISO, 0xFFFF
2.892847042,SPI,MOSI, 0x0000,  MISO, 0xFFFF
2.892865833,SPI,MOSI, 0x0000,  MISO, 0xFFFF
2.892884583,SPI,MOSI, 0x0000,  MISO, 0xFFFF
2.892903375,SPI,MOSI, 0x0000,  MISO, 0xFFFF
2.892922125,SPI,MOSI, 0x0000,  MISO, 0xFFFF
2.892940917,SPI,MOSI, 0x0000,  MISO, 0xFFFF
2.892959667,SPI,MOSI, 0x0000,  MISO, 0xFFFF
2.892978458,SPI,MOSI, 0x0000,  MISO, 0xFFFF
2.892997208,SPI,MOSI, 0x0000,  MISO, 0xFFFF
2.893016,SPI,MOSI, 0x0000,  MISO, 0xFFFF
2.89303475,SPI,MOSI, 0x0000,  MISO, 0xFFFF
2.893053542,SPI,MOSI, 0x0000,  MISO, 0xFFFF
2.893072333,SPI,MOSI, 0x0000,  MISO, 0xFFFF
2.893091083,SPI,MOSI, 0x0000,  MISO, 0xFFFF
2.893109875,SPI,MOSI, 0x0000,  MISO, 0xFFFF
2.893128625,SPI,MOSI, 0x0000,  MISO, 0xFFFF
2.968175042,SPI,MOSI, 0x2AD4,  MISO, 0xFFFF
2.968193542,SPI,MOSI, 0x0000,  MISO, 0xFFFF
2.968233208,SPI,MOSI, 0x2AD4,  MISO, 0xFFFF
2.968251667,SPI,MOSI, 0x0000,  MISO, 0x3FFF
2.968291625,SPI,MOSI, 0x2AD4,  MISO, 0xFFFF
2.968310125,SPI,MOSI, 0x0000,  MISO, 0x0FFF
2.96834975,SPI,MOSI, 0x2AD4,  MISO, 0xFFFF
2.96836825,SPI,MOSI, 0x0000,  MISO, 0x0FFF
2.968407875,SPI,MOSI, 0x2AD4,  MISO, 0xFFFF
2.968426375,SPI,MOSI, 0x0000,  MISO, 0x0FFF
2.968468667,SPI,MOSI, 0x4800,  MISO, 0xFFFF
2.968487167,SPI,MOSI, 0x3400,  MISO, 0xFF00
2.968506083,SPI,MOSI, 0x0000,  MISO, 0xC19F
2.96853125,SPI,MOSI, 0x0000,  MISO, 0x569F
2.968556292,SPI,MOSI, 0x0000,  MISO, 0x6F9F
2.968581333,SPI,MOSI, 0x0000,  MISO, 0x2BA4
2.968606375,SPI,MOSI, 0x0000,  MISO, 0x00A2
2.968630958,SPI,MOSI, 0x0000,  MISO, 0x9F80
2.968656,SPI,MOSI, 0x0000,  MISO, 0x9F95
2.968681042,SPI,MOSI, 0x0000,  MISO, 0x9F22
2.968706083,SPI,MOSI, 0x0000,  MISO, 0x5DFF
2.968731125,SPI,MOSI, 0x0000,  MISO, 0xFFFF
2.968749875,SPI,MOSI, 0x0000,  MISO, 0xFFFF
2.968768667,SPI,MOSI, 0x0000,  MISO, 0xFFFF
2.968787417,SPI,MOSI, 0x0000,  MISO, 0xFFFF
2.968806208,SPI,MOSI, 0x0000,  MISO, 0xFFFF
2.968825,SPI,MOSI, 0x0000,  MISO, 0xFFFF
2.96884375,SPI,MOSI, 0x0000,  MISO, 0xFFFF
2.968862542,SPI,MOSI, 0x0000,  MISO, 0xFFFF
2.968881292,SPI,MOSI, 0x0000,  MISO, 0xFFFF
2.968900083,SPI,MOSI, 0x0000,  MISO, 0xFFFF
2.968918833,SPI,MOSI, 0x0000,  MISO, 0xFFFF
2.968937625,SPI,MOSI, 0x0000,  MISO, 0xFFFF
2.968956375,SPI,MOSI, 0x0000,  MISO, 0xFFFF
2.968975167,SPI,MOSI, 0x0000,  MISO, 0xFFFF
2.968993917,SPI,MOSI, 0x0000,  MISO, 0xFFFF
2.969012708,SPI,MOSI, 0x0000,  MISO, 0xFFFF
2.969031458,SPI,MOSI, 0x0000,  MISO, 0xFFFF
2.96905025,SPI,MOSI, 0x0000,  MISO, 0xFFFF
2.969069,SPI,MOSI, 0x0000,  MISO, 0xFFFF
2.969087792,SPI,MOSI, 0x0000,  MISO, 0xFFFF
2.969106542,SPI,MOSI, 0x0000,  MISO, 0xFFFF
2.969125333,SPI,MOSI, 0x0000,  MISO, 0xFFFF
2.969144083,SPI,MOSI, 0x0000,  MISO, 0xFFFF
2.969162875,SPI,MOSI, 0x0000,  MISO, 0xFFFF
2.969181667,SPI,MOSI, 0x0000,  MISO, 0xFFFF
2.969200417,SPI,MOSI, 0x0000,  MISO, 0xFFFF
2.969219208,SPI,MOSI, 0x0000,  MISO, 0xFFFF
2.969237958,SPI,MOSI, 0x0000,  MISO, 0xFFFF
